Species,"MAT, ° C",AL,"N, mg/g","P, mg/g",N/P,References
Abarema jupunba,25.0,4.00,21.1,,,1
Abarema mataybifolia,25.0,4.00,23.0,,,1
Abies alba,8.0,49.04,15.7,1.3,12.5,"2,*"
Abies amabilis,5.4,49.06,10.2,1.5,7.1,"3, 4"
Abies balsamea,3.8,47.66,10.3,1.4,7.7,"5, 6, 7"
Abies lasiocarpa,–3.7,40.10,10.3,,,8
Acacia karroo,17.4,32.42,40.4,,,9
Acacia koa,17.0,19.50,26.6,0.8,33.2,10
Acacia truncata,18.3,31.95,20.4,1.3,15.7,11
Acaena magellanica,1.8,,24.2,4.1,6.0,12
Acaena tenera,1.8,,18.3,2.3,7.9,12
Acer campestre,10.2,50.78,24.0,1.8,13.3,*
Acer monspessulanum,12.9,43.13,19.2,,,"13, 14"
Acer negundo,6.8,44.31,25.8,2.0,12.8,"5, 15"
Acer pensylvanicum,7.7,42.15,18.3,1.9,9.6,15–17
Acer platanoides,7.7,50.21,18.4,1.6,11.3,"18, 19, *"
Acer pseudoplatanus,7.5,51.23,22.0,1.8,12.5,*
Acer rubrum,10.3,39.22,17.4,1.8,9.6,"6, 8, 15, 17, 20–27, †"
Acer saccharum,6.7,44.22,19.0,1.9,9.7,"6, 8, 15, 18, 28, 29"
Acer spicatum,4.5,46.39,22.1,2.9,6.6,"6, 28, 30"
Achillea millefolium,3.8,46.77,21.3,1.9,7.7,"6, 31"
Acrocarpus fraxinifolius,22.2,16.00,31.0,1.9,16.3,32
Acrostichum aureum,24.1,18.40,14.6,1.4,10.7,33
Actea rubra,3.9,46.70,18.8,3.5,5.4,6
Adenanthos cygnorum,18.7,30.00,8.5,0.2,53.1,34
Adiantum pedatum,8.3,42.75,14.5,2.3,6.3,5
Adoxa moschatellina,6.7,54.58,37.2,3.9,9.7,"35, 36"
Adpdytes dimidiata,17.4,32.33,23.2,,,9
Aegiceras corniculatum,22.5,,13.3,1.2,11.1,37
Aegilops geniculata,13.2,43.72,27.1,,,13
Aegopodium podagraria,4.1,55.75,31.7,5.5,5.8,35
Afrosersalisia afzelii,28.0,7.55,21.0,,,38
Afzelia africana,26.5,7.40,29.9,1.6,18.7,39
Agapanthus africanus,14.0,40.40,25.4,3.1,8.2,40
Agastache foeniculum,3.9,46.70,14.7,2.2,7.3,6
Agave ferox,14.0,40.40,14.3,2.9,4.9,40
Agave filifera,14.0,40.40,12.6,2.7,4.7,40
Agave micracantha,14.0,40.40,11.8,4.5,2.6,40
Agave weberi,14.0,40.40,11.2,2.2,5.1,40
Agropyron caninum,7.3,50.98,38.0,2.2,17.3,41
Agropyron repens,3.9,46.70,9.1,1.1,8.3,6
Agrostis capillaris,9.3,53.40,23.3,2.2,10.6,36
Agrostis tenuis,6.4,50.02,15.7,1.4,8.2,"31, 41, 42"
Ajuga reptans,9.7,48.00,18.6,4.0,4.7,43
Alangium villosum,26.8,10.00,28.6,1.2,23.1,44
Albizia adinathifolia,17.4,32.33,38.0,,,9
Albizia chinensis,12.0,19.50,28.7,1.2,23.9,10
Albizia falcataria,22.2,16.00,25.0,2.3,10.9,32
Albizia lebbeck,24.1,18.40,31.7,,,33
Albizia schimperiana,22.2,16.00,23.0,1.9,12.1,32
Alchemilla vulgaris,3.3,47.00,30.5,,,31
Alchornea latifolia,27.0,18.00,16.3,1.1,15.2,45
Alexa wachenheimii,25.0,4.00,27.2,,,1
Allemanda violacea,24.1,18.40,16.4,1.5,11.1,33
Alliaria petiolata,9.3,53.40,48.4,5.5,8.8,36
Allium ursinum,9.4,51.24,36.9,3.4,10.7,"36, ‡"
Allocasuarina sp.,17.5,33.58,13.2,0.5,28.7,46
Alnus crispa,2.5,50.58,23.6,1.8,13.3,"6, 30, 47"
Alnus glutinosa,7.7,51.25,21.2,,,48
Alnus incana,8.7,51.88,30.3,3.6,7.4,"48, 49"
Alnus rubra,10.0,47.38,29.0,1.3,21.5,"50, 51"
Alnus rugosa,6.0,44.90,27.5,1.8,15.7,"5, 15"
Alnus sp.,–2.8,64.84,24.2,1.4,17.4,52
Alocasia odora,14.0,40.40,39.0,5.2,7.5,40
Alteramnus lucidus,24.1,18.40,,0.6,,33
Alyxia sp.,26.8,10.00,11.6,0.7,17.8,44
Amaranthus blitoides,17.0,39.54,43.2,,,53
Amaranthus cannabinus,23.2,25.85,9.1,0.5,19.3,§
Amaranthus retroflexus,16.4,40.94,33.9,,,54
Ambrosia psilostachya,7.5,43.31,16.3,2.4,6.8,5
Amelanchier humilis,3.4,47.93,21.1,4.5,4.7,30
Amelanchier sp.,3.9,46.70,18.7,3.2,5.7,6
Amorpha canescens,7.0,43.61,19.9,1.5,13.3,5
Amphicarpea bracteata,3.9,46.70,26.5,2.0,12.4,6
Anagallis arvensis,12.8,43.77,26.1,,,13
Anagyris foetida,17.0,39.54,37.2,,,53
Andira coriacea,25.0,4.00,19.7,,,1
Andira inermis,24.1,18.40,22.8,1.3,17.7,"33, 55"
Andromeda glaucophylla,6.8,44.33,9.8,0.5,13.8,"5, 56"
Andromeda polifolia,5.5,58.28,15.0,0.8,18.1,19
Andropogon gerardi,6.2,44.40,10.2,1.8,5.7,5
Andropogon glomeratus,23.2,25.85,15.3,0.7,22.7,§
Andropogon rerardi,3.9,46.70,12.5,2.2,6.4,6
Andropogon virginicus,12.0,19.50,13.3,1.0,13.3,10
Anemone canadensis,7.7,43.52,11.0,3.1,3.5,5
Anemone nemorosa,7.5,52.25,32.7,2.6,12.4,"35, 36, 41, ‡"
Anemone quinquefolia,3.9,46.70,15.3,1.5,10.4,6
Anemone ranunculoides,4.1,55.75,28.7,3.2,9.0,35
Angelica sylvestris,6.7,54.58,33.8,4.2,8.1,"35, 36"
Angelica ursina,2.1,46.92,36.8,,,57
Anisantha sterilis,9.3,53.40,27.9,2.6,10.7,36
Antennaria dioica,4.1,55.75,25.6,2.5,10.2,35
Antennaria neglecta,4.7,45.93,13.3,1.9,7.1,"5, 6"
Anthonotha macrophylla,28.0,7.55,19.2,,,38
Anthoxanthum odoratum,8.0,51.78,21.5,1.5,14.3,"36, 41"
Anthriscus sylvestris,6.7,54.58,32.4,4.2,7.8,"35, 36"
Antiaris africana,28.0,7.55,21.3,,,38
Apocynum androsaemifolium,4.7,46.00,15.0,3.0,5.1,"5, 6"
Arabidopsis thaliana,9.3,53.40,35.7,4.9,7.3,36
Aralia nudicaulis,5.2,45.43,20.1,2.8,7.1,"5, 6, 28"
Aralia racemosa,5.2,45.64,17.9,3.3,5.5,"5, 6"
Arbutus unedo,16.1,41.64,12.1,1.0,11.3,"53, 54, 58–60"
Arctostaphylos uva-ursi,–1.5,54.11,12.2,1.9,5.9,"6, 8, 19, 61"
Ardisia glauciflora,24.1,18.40,5.3,0.3,19.6,33
Ardisia sp.,26.8,10.00,15.2,0.9,16.7,44
Arisaema atrorubens,7.4,43.93,,2.1,,28
Arisaema triphyllum,7.8,43.34,33.0,4.0,4.3,"5, 56"
Aristolochia grandiflora,14.0,40.40,32.8,5.2,6.3,40
Aristolochia rotunda,13.1,43.65,33.5,,,13
Arnica montana,3.6,46.83,17.6,,,31
Aronia melanocarpa,5.3,58.08,16.6,1.6,10.3,19
Arrhenatherum elatius,9.3,53.40,28.7,3.2,9.0,36
Artemisia incana,14.2,40.40,,1.7,,62
Artemisia pauciflora,14.2,40.40,,1.5,,62
Arum maculatum,9.3,51.78,42.3,3.7,11.3,"36, ‡"
Aruncus silvester,7.3,50.98,19.1,1.9,10.1,41
Arundina graminifolia,17.0,19.50,16.1,0.8,20.1,10
Asarum europaeum,4.1,55.75,26.5,4.9,5.4,35
Asclepias amlexicaulis,7.0,43.61,22.0,2.1,10.5,5
Asclepias incarnata,8.4,43.74,15.9,2.3,7.0,5
Asclepias syriaca,7.7,43.52,17.6,3.4,5.2,5
Asclepias verticillata,7.7,43.13,16.3,1.4,11.6,5
Aspidosperma album,26.0,1.93,10.7,,,56
Aster acuminatus,7.4,43.93,21.3,1.8,11.9,28
Aster leavis,3.9,46.70,16.8,2.3,7.2,6
Aster lucidulis,9.1,43.96,10.2,1.8,5.7,5
Aster macrophyllus,4.5,46.16,18.7,2.5,7.2,"5, 6"
Aster simplex,8.2,43.46,9.5,1.9,5.1,5
Aster sp.,3.9,46.70,18.8,2.2,8.5,6
Astrotricha latifolia,17.5,33.58,13.5,0.5,27.6,46
Athyrium filix-femina,7.2,48.16,20.0,2.8,7.3,"5, 28, 41, 42"
Atriplex cana,14.2,40.40,,1.1,,62
Atriplex canescens,13.0,34.62,21.0,,,8
Atriplex halimus,17.0,39.54,52.0,,,53
Atriplex stipitata,18.2,32.97,34.0,1.6,21.8,46
Avena barbata,13.2,43.72,23.6,,,13
Avenula bromoides,12.8,43.77,17.9,,,13
Avenula crassifolia,17.0,39.54,22.2,,,53
Avicennia germinans,24.1,18.40,,0.4,,33
Baccharis angustifolia,13.0,34.62,19.5,,,8
Bacopa caroliniana,23.2,25.85,11.8,0.6,20.1,§
Balanites maughamii,17.4,32.33,39.2,,,9
Balizia pedicellaris,25.0,4.00,17.2,,,1
Bambusa vulgaris,24.1,18.40,22.3,0.9,25.9,33
Banksia attenuata,18.7,30.00,5.9,0.1,39.3,34
Banksia marginata,17.5,33.58,9.4,0.2,40.9,46
Banksia menziesii,18.3,31.95,5.1,0.2,22.3,34
Baptisia leucantha,7.0,43.61,22.3,1.0,22.3,"5, 8"
Baptisia leucophea,8.0,43.15,35.9,,,5
Beaufortia elegans,18.7,30.00,11.0,0.4,25.6,34
Bellucia grossularioides,26.0,1.93,20.5,,,"1, 8"
Bequaertiodendron natalense,17.4,32.33,25.6,,,9
Berberis vulgaris,5.4,58.60,20.1,1.1,18.1,19
Bertya cunninghamii,18.2,32.98,19.5,0.9,21.0,46
Beta vulgaris,17.0,39.54,38.1,,,53
Betula alba,9.6,52.50,14.4,3.3,4.4,49
Betula alleghaniensis,6.1,44.43,21.6,1.8,12.0,"15, 16, 28"
Betula exilis,–7.5,66.60,21.9,2.1,8.8,63
Betula fruticosa,–10.5,62.00,17.6,1.2,14.7,64
Betula humilis,5.5,58.28,20.3,1.0,21.0,19
Betula lenta,12.7,35.05,25.6,1.5,16.5,"23, 24"
Betula nana,–5.0,65.22,18.5,1.8,8.6,"63, 65–68"
Betula nigra,7.8,43.34,22.7,1.8,12.6,"5, 56"
Betula papyrifera,1.0,55.96,19.8,2.3,8.4,"6, 15, 16, 47, 50, 52, 69, 70"
Betula pendula,6.8,53.22,27.0,2.1,12.6,"48, 67, 71–76, *"
Betula platyphylla,–10.5,62.00,19.9,3.8,5.2,64
Betula pubescens,6.2,55.90,25.5,1.8,13.5,"14, 19, 67"
Betula pumila,6.2,44.52,17.4,1.1,18.3,"5, 56"
Betula sp.,11.9,38.64,22.3,1.6,16.3,"17, 77"
Betula tortuosa,–2.1,.,17.4,1.4,12.4,78
Beyeria opaca,18.2,32.98,18.4,0.8,23.3,46
Blakea trinervia,27.0,18.00,10.7,0.5,21.4,45
Blechnum serrulatum,23.2,25.85,13.8,1.1,12.2,§
Blechnum spicant,7.3,50.98,22.2,2.0,11.1,41
Bocoa prouacensis,25.0,4.00,22.1,,,1
Boronia ledifolia,17.5,33.58,11.7,0.2,53.2,46
Borrago officinalis,16.2,41.40,24.0,,,54
Bossiaea walkeri,18.2,32.98,12.1,0.4,31.0,46
Bourreria succulenta,24.1,18.40,13.9,0.5,29.2,33
Bouteloua hirsuta,6.2,44.40,9.7,1.9,5.1,5
Brabejum stellatifolium,15.0,33.83,8.6,,,9
Brachychiton populneus,18.2,32.98,17.9,0.9,19.3,46
Brachyelectrum erectum,3.9,46.70,17.3,2.9,6.0,6
Brachypodium distachyon,12.8,43.77,26.6,,,13
Brachypodium phoenicoides,13.1,43.67,14.1,0.4,17.3,"13, 79"
Brachypodium pinnatum,8.3,52.17,18.5,1.1,16.1,"35, 36, 41"
Brachypodium retusum,13.6,43.55,7.8,0.5,16.7,79
Brachypodium silvaticum,8.1,50.67,23.0,2.2,10.5,"41–43, 80"
Brachystegia spiciformis,18.1,18.00,20.6,1.5,13.9,"81, 82"
Briza media,6.2,50.28,19.6,1.1,15.1,"31, 36"
Bromopsis erecta,9.3,53.40,14.8,1.5,9.9,36
Bromus ciliatus,3.9,46.70,9.3,1.1,8.5,6
Bromus erectus,13.0,43.75,21.7,,,13
Bromus lanceolatus,13.1,43.73,22.7,,,13
Bromus ramosus,7.3,50.98,29.9,1.4,21.4,41
Bruguiera gymnorrhiza,21.0,24.57,12.0,0.8,15.0,83
Bucida buceras,24.1,18.40,10.2,0.6,18.5,33
Bupleurum rigidum,13.2,43.72,15.7,,,13
Bursera simaruba,24.1,18.40,11.4,0.5,21.9,33
Buxus sempervirens,13.1,43.72,15.4,0.8,19.0,"13, 79"
Byrsonima lucida,24.1,18.40,12.4,0.5,26.4,33
Byrsonima wadsworthii,24.1,18.40,18.0,0.7,26.5,33
Cacalia hastata,2.1,46.92,42.8,,,57
Calamagrostis arundinacea,4.8,54.73,21.7,4.1,5.3,"35, 41, 80"
Calamagrostis canadensis,7.7,43.52,11.2,1.1,10.2,"5, 41, 80"
Calamagrostis canescens,7.3,50.98,19.6,1.5,13.1,"41, 80"
Calamagrostis epigeios,7.1,51.79,17.2,1.6,11.0,"35, 41, 42, 80"
Calamagrostis neglecta,7.7,42.91,13.8,1.7,8.1,5
Calamagrostis villosa,7.2,50.97,23.8,1.9,12.2,"41, 42, 80"
Calamintha nepeta,13.1,43.70,24.8,,,13
Calandrinia corrigioloides,18.7,30.00,17.2,1.9,9.2,34
Calliandra calothyrsus,22.2,16.00,26.0,2.1,12.4,32
Calluna vulgaris,8.4,49.44,15.5,1.4,11.2,"31, 35, 36, 41, 42, 79"
Calodendrum capense,13.1,32.50,45.4,,,9
Caloncoba echinata,28.0,7.55,19.2,,,38
Caltha palustris,6.8,49.64,34.5,4.4,7.9,"5, 36"
Calycogonium squamulosum,24.1,18.40,9.7,0.5,19.3,33
Campanula rotundifolia,5.7,48.93,17.4,2.1,8.5,"6, 36"
Campanula scheuchzeri,3.6,46.83,37.3,,,31
Capparis cynophallophora,24.1,18.40,,0.5,,33
Caraipa heterocarpa,26.0,1.93,9.3,,,56
Carex aquatilis,–12.6,,23.0,1.8,12.8,84
Carex bigelowii,–8.3,68.63,18.5,1.4,13.3,65
Carex brizoides,7.3,50.98,26.4,2.7,9.7,"41, 80"
Carex canescens,7.3,50.98,26.8,1.7,15.8,41
Carex hallerana,12.8,43.77,17.8,,,13
Carex intumescens,7.4,43.93,28.4,2.2,12.9,28
Carex laxiflora,7.7,43.52,19.0,2.9,6.6,5
Carex leptoneruia,7.4,43.93,28.6,1.5,19.1,28
Carex nigra,–2.0,,24.0,2.4,10.0,84
Carex pilulifera,7.3,50.98,25.7,2.7,9.5,41
Carex remota,7.3,50.98,16.3,1.8,9.1,41
Carex sp.,4.7,53.42,21.0,2.9,7.0,"6, 35, 36, 43"
Carex sylvatica,7.3,50.98,21.8,1.2,18.2,"41, 80"
Carpinus betulus,9.1,49.98,22.0,1.9,11.4,"77, 85, *"
Carpinus caroliniana,6.5,44.57,17.2,1.3,12.9,15
Carya cordiformis,6.5,44.57,24.0,2.1,11.2,15
Carya glabra,14.0,35.97,18.0,,,22
Carya ovata,7.0,44.08,18.4,1.9,9.6,"5, 15, 56"
Carya sp.,12.9,35.04,20.9,1.6,11.3,"17, 24, †, §"
Carya tomentosa,11.8,39.18,21.8,2.6,7.9,"20, 21"
Casearia arborea,24.1,18.40,15.9,0.8,19.6,"33, 55"
Casearia sylvestris,24.1,18.40,14.8,1.5,10.0,33
Cassia siamea,22.2,16.00,25.0,2.1,11.9,32
Cassia spectabilis,22.2,16.00,25.0,2.5,10.0,32
Cassia spruceana,25.0,4.00,17.0,,,1
Cassine xylocarpa,24.1,18.40,6.0,,,33
Cassinia leavis,18.2,32.98,19.8,1.2,16.6,46
Castanea sativa,12.6,42.46,21.8,2.3,9.5,"49, 86, 87"
Casurina humilis,18.3,31.95,7.2,0.1,48.0,34
Casurina sp.,23.5,23.68,31.6,1.1,28.3,88
Catananche coerulea,12.8,43.77,22.8,,,13
Catapodium rigidum,9.3,53.40,9.0,0.9,10.0,36
Caulophyllum brasiliense,24.1,18.40,8.7,0.7,12.1,33
Caulophyllum thalictroides,8.2,42.95,32.6,3.1,5.9,"5, 56"
Ceanothus americanus,7.7,43.13,15.7,1.1,14.3,5
Cecropia ficifolia,26.0,1.93,24.7,,,8
Cecropia peltata,24.1,18.40,18.2,1.1,17.3,55
Cedrela odorata,25.8,10.43,25.6,2.1,12.2,89
Celtis africana,16.6,32.75,35.0,,,9
Celtis occidentalis,7.8,43.34,25.7,2.7,10.3,"5, 56"
Centaurea nigra,9.3,53.40,24.7,1.7,14.5,36
Centaurea scabiosa,9.3,53.40,22.3,1.7,13.1,36
Cerastium fontanum,9.3,53.40,24.1,4.5,5.4,36
Cercis canadensis,14.0,35.97,20.6,,,22
Chaerophyllum aromaticum,4.1,55.75,32.0,6.5,4.9,35
Chaetacme aristata,17.4,32.38,38.1,,,9
Chaetocarpus globosus,27.0,18.00,10.2,0.5,20.4,45
Chamaedaphne calyculata,6.0,44.84,11.0,1.0,11.0,"5, 56"
Chamaepericlymenum suecicum,–0.6,66.00,13.8,2.9,4.8,66
Chamerion angustifolium,9.3,53.40,33.4,3.4,9.8,36
Cheirodendron trigynum,24.2,21.35,13.9,1.2,11.8,90
Chenopodium album,13.2,46.47,35.1,4.3,6.8,"36, 53"
Chenopodium ambrosoides,16.2,41.40,34.5,,,54
Chimaphila umbellata,4.5,49.72,11.9,1.3,9.0,"5, 6, 19, 35"
Chionanthus pegleriae,17.4,32.42,19.7,,,9
Chlorophora regia,26.5,7.40,28.8,1.6,18.0,39
Chrysosplenium oppositifolium,9.3,53.40,26.6,2.9,9.2,36
Cibotium chamissoi,24.2,21.35,17.0,1.5,11.6,90
Cibotium glaucum,24.2,21.35,17.2,1.2,13.9,90
Cichorium intybus,17.0,39.54,35.5,,,53
Cicuta maculata,6.2,44.40,12.1,1.7,7.1,5
Cinnamomum porrectum,26.9,1.80,11.7,,,91
Circaea alpina,3.9,46.70,18.4,3.3,5.6,6
Circaea lutetiana,9.6,49.08,19.2,2.2,8.9,"43, ‡"
Cirsium muticium,7.7,43.52,14.5,1.3,11.2,5
Cistus albidus,16.1,41.38,16.0,1.6,8.5,"53, 54, 79"
Cistus crispus,13.6,43.42,13.6,1.0,13.6,79
Cistus landeniferus,13.6,43.42,12.1,1.1,11.0,79
Cistus monspeliensis,14.6,42.81,13.9,1.3,10.0,"53, 59, 79"
Cistus salviifolius,15.9,41.92,15.4,1.0,14.5,"53, 59, 79"
Citrus sinensis,24.1,18.40,11.3,0.5,22.2,33
Citrus sp.,26.4,5.30,29.5,1.6,18.8,92
Cladium jamaicense,23.2,25.85,7.9,0.4,18.2,§
Cladostemon kirkii,17.4,32.33,59.0,,,9
Clausena anisata,17.4,32.42,28.9,,,9
Cleistanthus schlechteri,17.4,32.33,21.2,,,9
Clematis vitalba,13.2,43.72,29.9,,,13
Clethra occidentalis,27.0,18.00,11.2,0.7,17.1,45
Cleyera theaeoides,27.0,18.00,12.8,0.3,42.7,45
Clidemia sericea,26.0,1.93,16.5,,,56
Clintonia borealis,5.3,45.58,19.1,2.3,8.1,"5, 6, 28"
Clivia nobile,14.0,40.40,21.4,2.3,9.3,40
Clusia cf. havetioides,27.0,18.00,6.8,0.4,15.2,45
Clusia rosea,24.1,18.40,6.0,0.2,27.3,33
Coccoloba diversifolia,24.1,18.40,,0.5,,33
Coccoloba microstachya,24.1,18.40,7.3,0.4,16.7,33
Cochlospermum fraseri,27.0,12.62,17.7,,,93
Coffea arabica,24.1,18.40,11.2,,,33
Cola greenwayi,17.4,32.33,26.5,,,9
Colobanthus quitensis,1.8,,20.5,4.7,4.3,12
Colubrina arborescens,24.1,18.40,13.9,0.6,24.0,33
Combretodendron macrocarpum,28.0,7.55,24.3,,,38
Combretum fruticosum,17.4,32.33,30.4,,,9
Comesperma calymega,18.7,30.00,14.1,0.8,18.6,34
Commiphora sp.,26.0,1.93,10.3,,,56
Conopodium majus,9.3,53.40,38.6,2.8,13.8,36
Conospermum triplinervium,18.7,30.00,10.2,0.3,37.8,34
Convallaria majalis,4.1,55.75,27.9,4.7,6.0,35
Convolvulus arvensis,14.1,42.68,33.1,,,"13, 53"
Convolvulus spithameous,3.9,46.70,16.5,2.5,8.6,6
Conyza canadensis,9.3,53.40,27.9,3.9,7.2,36
Coprosma sp.,24.2,21.35,16.5,1.1,14.4,90
Cordia alliodora,25.8,10.43,29.3,2.3,12.6,89
Cordia borinquensis,24.1,18.40,19.4,0.9,22.0,55
Cordia caffra,18.4,33.75,35.5,,,9
Coreopsis palmata,7.0,43.61,10.3,1.4,7.4,5
Cornus alternifolia,5.2,45.63,16.5,1.8,9.6,"6, 15"
Cornus canadensis,4.7,45.98,16.4,2.7,5.9,"5, 6, 28"
Cornus florida,12.5,36.74,18.0,1.1,17.0,"17, 20, 23, 24, 56, ¶"
Cornus racemosa,6.7,44.24,16.0,2.5,6.7,"5, 6, 56"
Cornus rugosa,4.8,45.91,18.2,2.9,6.1,"5, 6"
Cornus sanguinea,9.2,49.33,24.5,3.8,6.4,"19, 43"
Cornus sp.,12.2,35.06,20.0,1.8,11.1,†
Cornus stolonifera,9.1,43.96,13.0,3.1,4.2,5
Correa reflexa,17.5,33.58,10.2,0.4,26.8,46
Corylus americana,5.1,45.60,20.7,2.1,10.1,"5, 6"
Corylus avellana,5.4,58.60,18.6,1.7,11.1,19
Corylus cornuta,4.1,46.71,19.0,2.5,7.6,"5, 6, 30"
Crataegus curvisepala,5.4,58.60,19.9,1.1,17.4,19
Crataegus monogyna,11.2,46.13,17.8,1.1,18.3,"13, 14, 19"
Crepis sancta,13.2,43.72,18.0,,,13
Crepis triasii,17.0,39.54,33.1,,,53
Crepis vesicaria,13.2,43.72,23.6,,,13
Crinum americanum,23.2,25.85,13.6,1.4,9.5,§
Croton poecilanthus,24.1,18.40,10.2,1.0,10.0,33
Croton steenkampianus,17.4,32.33,51.8,,,9
Crudia aromatica,25.0,4.00,27.7,,,1
Cruduia bracteata,25.0,4.00,28.2,,,1
Cryptocaria sp.,26.8,10.00,14.9,1.2,12.6,44
Cunninghamia lanceolata,19.2,24.45,10.5,0.8,13.8,94
Curtissia dentata,13.1,32.50,14.6,,,9
Cyathea pycnonurea,26.8,10.00,21.2,1.2,18.0,44
Cynanchum vincetoxicum,4.1,55.75,33.2,3.7,9.0,35
Cynometra leonensis,28.0,7.55,22.9,,,38
Cyrilla racemiflora,26.3,18.10,8.4,0.3,28.1,"33, 45"
Cytrandra sp.,26.8,10.00,15.6,1.0,15.0,44
Dacrycarpus cinctus,26.8,10.00,13.1,0.8,15.8,44
Dacrydium cupressinum,11.3,43.33,12.2,,,26
Dacryodes excelsa,24.1,18.40,12.1,0.4,33.3,"33, 55"
Dactylis glomerata,11.0,46.12,27.2,2.1,11.4,"13, 31, 36, 41"
Dalbergia armata,17.4,32.33,47.6,,,9
Danthonia spicata,3.9,46.70,8.2,1.2,6.8,6
Daphne mezereum,5.4,58.60,20.3,1.6,12.6,19
Daphnopsis philippiana,24.1,18.40,12.4,0.6,21.8,33
Datura stramonium,17.0,39.54,57.2,,,53
Daucus carota,13.0,43.75,26.8,,,13
Daviesia nudiflora,18.7,30.00,11.4,0.2,71.2,34
Daviesia preissii,18.7,30.00,9.7,0.9,10.8,34
Daviesia quadrilatera,18.7,30.00,14.1,0.2,58.8,34
Dennstaedtia punctilobula,8.8,42.78,20.6,1.6,13.0,"28, 95"
Dentaria laciniata,8.0,43.15,53.0,,,56
Deschampsia antarctica,1.8,,42.9,4.3,10.0,12
Deschampsia caespitosa,7.6,50.87,20.0,2.0,10.1,"36, 41–43, 80"
Deschampsia flexuosa,7.2,51.30,19.6,1.9,9.5,"31, 35, 36, 41, 42, 80"
Desmodium canadense,7.7,43.52,15.9,1.4,11.4,5
Desmodium glutinosum,4.8,45.91,25.4,2.3,9.4,"5, 6"
Dialium guineense,28.0,7.55,18.7,,,"1, 38"
Dialium schlechteri,17.4,32.33,32.8,,,9
Dianthus arenarius,4.1,55.75,25.8,2.6,9.9,35
Dianthus rupicola subsp. bocchoriana,17.0,39.54,20.3,,,53
Dicorynia guianensis,25.0,4.00,21.7,,,1
Dicranopteris linearis,24.2,21.35,13.8,1.0,14.0,90
Didymopanax morotoni,24.1,18.40,18.3,1.0,19.1,"33, 55"
Diervilla lonicera,4.3,46.40,16.1,3.0,5.3,"5, 6"
Digitalis purpurea,9.3,53.40,37.8,4.4,8.6,36
Dimorphanthera amonea,26.8,10.00,9.5,0.6,14.8,44
Diospyros natalensis,17.4,32.38,17.2,,,9
Diospyros thomasii,28.0,7.55,17.8,,,38
Diospyros whyteana,13.5,33.83,18.6,,,9
Dipteryx odorata,25.0,4.00,19.0,,,1
Dirca palustris,3.9,46.70,23.1,2.9,6.3,6
Ditta myricoides,24.1,18.40,,0.8,,33
Dodonaea triquetra,17.5,33.58,19.3,0.7,28.0,46
Dodonaea viscosa ssp. angustissima,18.2,32.97,17.9,1.1,17.0,46
Dodonaea viscosa ssp. cuneata,18.2,32.97,22.1,1.1,19.2,46
Dodonaea viscosa ssp. spatulata,18.2,32.97,22.6,1.3,17.7,46
Dorycnium hirsutum,12.8,43.77,28.0,,,13
Dorycnium pentaphyllum,13.1,43.65,28.1,,,13
Dovyalis longispina,17.4,32.42,30.0,,,9
Dryandra nivea,18.7,30.00,9.4,0.1,72.3,34
Dryandra sessilis,18.3,31.95,8.6,0.7,13.3,"11, 34"
Dryas integrifolia,–8.3,68.63,12.3,1.0,12.3,65
Dryopteris austriaca,7.3,50.98,32.8,2.6,12.6,41
Dryopteris cristata,4.3,45.88,20.6,4.0,5.2,5
Dryopteris filix-mas,6.8,51.60,24.6,2.3,10.7,"35, 41, 42"
Dryopteris linneana,6.2,52.57,24.7,3.2,7.7,"35, 41"
Dryopteris noveboracensis,7.4,43.93,23.8,1.7,14.0,28
Dryopteris phegopteris,7.3,48.63,24.3,1.6,15.5,"28, 41"
Dryopteris spinulosa,6.3,47.87,28.5,2.7,10.4,"28, 35"
Dryopteris thelypteris,6.7,44.34,15.1,1.2,12.1,5
Drypetes natalensis,17.4,32.42,24.9,,,9
Dysoxylum sp.,26.8,10.00,17.8,1.1,16.2,44
Echinacea purpurea,8.0,43.15,15.0,,,8
Echinops rito,12.8,43.77,25.4,,,13
Ekebergia capensis,15.8,33.12,24.2,,,9
Elaeocarpus ptilanthus,26.8,10.00,18.3,1.1,16.0,44
Elaeocarpus sayeri,26.8,10.00,15.6,0.8,19.3,44
Elaphoglossum sp.,26.8,10.00,6.2,0.9,7.0,44
Elatostemma sp.,26.8,10.00,12.4,1.0,12.8,44
Eleagnus angustifolia,13.0,34.62,39.8,,,8
Eleocharis sp.,23.2,25.85,10.3,0.4,23.9,§
Elymus europaeus,7.3,50.98,25.5,1.3,19.6,41
Elytrigia repens,9.3,53.40,27.1,2.4,11.3,36
Empetrum nigrum,–0.6,66.00,8.5,1.4,6.1,66
Eperua leucantha,26.0,1.93,12.5,,,56
Eperua purpurea,26.0,1.93,15.2,,,56
Epigaea repens,4.0,46.43,13.4,1.3,10.5,"5, 6"
Epilobium angustifolium,7.3,50.98,30.4,3.0,10.1,41
Epilobium hirsutum,9.3,53.40,32.3,3.4,9.5,36
Equisetum arvense,4.2,52.49,13.4,1.4,9.3,"5, 63"
Equisetum palustre,–0.6,66.00,17.6,1.2,14.7,66
Equisetum pratense,4.1,55.75,25.7,4.9,5.2,35
Equisetum sylvaticum,4.1,55.75,24.3,5.6,4.3,35
Eremophila deserti,18.2,32.98,16.5,1.0,17.2,46
Eremophila glabra,18.2,32.98,17.2,1.4,12.3,46
Eremophila mitchelli,18.2,32.97,22.4,0.9,23.6,46
Erica arborea,14.8,43.00,10.3,0.6,17.0,"59, 79"
Erica cinerea,14.9,42.36,7.8,0.5,17.8,"79, 96"
Erica scoparia,14.8,43.17,15.8,0.7,22.6,79
Eriocaulon compressum,23.2,25.85,16.7,0.5,31.2,§
Eriophorum angustifolium,0.6,53.40,20.3,1.6,12.8,"36, 84"
Eriophorum vaginatum,–3.8,63.86,17.5,1.6,11.3,"36, 63, 65"
Eriostemon australasius,17.5,33.58,14.3,0.2,59.6,46
Erithalis fruticosa,24.1,18.40,7.9,0.4,21.5,33
Eryngium campestre,12.8,43.77,20.3,,,13
Eryngium yuccifolium,7.7,43.13,8.4,1.5,5.6,5
Erythrina caffra,18.4,33.75,59.5,,,9
Erythrina poeppigiana,10.5,9.53,50.8,,,97
Erythronium americanum,8.0,43.15,42.0,,,8
Erythrophleum chlorostachys,27.0,12.62,22.0,,,93
Erythrophleum lasianthum,17.4,32.33,48.6,,,9
Erythroxylum aerolatum,24.1,18.40,19.5,1.1,18.5,33
Erythroxylum rotundifolium,24.1,18.40,,0.3,,33
Eucalyptus clavigera,27.0,12.62,10.4,,,93
Eucalyptus grandis,18.1,18.00,25.9,,,81
Eucalyptus miniata,27.4,12.51,12.1,,,"93, 98"
Eucalyptus paniculata,17.5,33.58,11.5,0.5,23.5,46
Eucalyptus socialis,18.2,32.98,12.9,0.7,18.2,46
Eucalyptus tetrodonta,27.4,12.51,7.9,,,"93, 98"
Eucalyptus todtiana,18.3,31.95,7.3,0.6,13.1,34
Eugenia borinquemsis,24.1,18.40,8.2,0.6,14.9,33
Eugenia eggersii,24.1,18.40,13.5,0.7,20.5,"33, 55"
Eugenia estahlii,24.1,18.40,7.6,0.5,16.5,33
Eugenia maleolens,24.1,18.40,,0.4,,33
Eugenia rhombea,24.1,18.40,,0.3,,33
Eugenia virgultosa,27.0,18.00,15.7,0.8,19.6,45
Eugenia woodii,17.4,32.42,19.5,,,9
Eupatorium capillifolium,23.2,25.85,11.0,0.7,16.4,§
Eupatorium critoniforme,27.0,18.00,23.0,1.2,19.2,45
Eupatorium maculatum,8.4,43.74,14.4,2.2,6.6,5
Eupatorium perfoliatum,9.1,43.96,12.8,2.1,6.1,5
Eupatorium purpureum,7.7,42.60,15.0,2.2,6.8,5
Eupatorium rugosum,12.5,35.00,39.2,,,8
Euphorbia corollata,6.7,43.93,12.9,1.9,6.9,5
Euphorbia margalidiana,17.0,39.54,36.7,,,53
Euphorbia mauritanica,14.0,40.40,10.0,3.2,3.1,40
Euphorbia pithyusa,17.0,39.54,30.5,,,53
Exostema caribaeum,24.1,18.40,17.8,0.6,28.3,33
Fagus grandifolia,6.1,44.43,21.0,1.5,13.6,"15, 16, 28"
Fagus sylvatica,7.6,46.35,23.2,1.4,16.1,"49, 50, 54, 77, 99, 100–105, *"
Festuca altissima,7.3,50.98,22.7,2.1,10.6,"41, 80"
Festuca contracta,1.8,,14.2,2.1,6.9,12
Festuca gigantea,7.4,51.05,29.9,2.4,12.3,"41, 42, 80"
Festuca ovina,8.0,51.78,19.0,1.7,11.2,"36, 41"
Festuca rubra,9.3,53.40,16.1,2.2,7.3,36
Ficus carica,17.0,39.54,26.0,,,53
Ficus insculpta,26.8,10.00,12.4,0.8,15.9,44
Ficus mucuso,28.0,7.55,25.1,,,38
Filipendula kamtschatica,2.1,46.92,34.1,,,57
Filipendula ulmaria,9.3,53.40,34.0,2.8,12.1,36
Flemingia congesta,22.2,16.00,26.0,2.5,10.4,32
Fragaria vesca,4.1,55.75,20.1,4.1,4.9,35
Fragaria virginiana,4.3,46.30,16.2,3.2,5.0,"5, 6"
Frangula alnus,11.5,41.08,29.2,,,14
Fraxinus americana,8.5,42.51,18.7,2.7,6.8,"15, 20"
Fraxinus angustifolia,12.5,43.14,27.5,,,"14, 53, 56, 106,"
Fraxinus excelsior,10.1,48.23,21.4,2.5,8.0,"19, 54, 77, 85"
Fraxinus nigra,6.5,44.57,19.6,1.6,12.4,15
Fraxinus pennsylvanica,5.2,45.63,17.9,2.3,7.5,"6, 15"
Fraxinus sp.,10.7,44.12,24.0,3.6,7.2,"17, 43"
Freycinetia angustissima,26.8,10.00,14.5,0.9,15.6,44
Freycinetia sp.,26.8,10.00,14.2,1.0,14.2,44
Funtumia africana,28.0,7.55,31.0,,,38
Galax aphylla,12.5,35.00,8.9,,,8
Galeobdolon luteum,4.1,55.75,32.1,6.9,4.6,35
Galium antarcticum,1.8,,28.3,3.7,7.7,12
Galium aparine,9.3,53.40,38.3,4.3,8.9,36
Galium boreale,4.5,46.12,15.0,1.8,9.0,"5, 6"
Galium hispidulum,13.3,43.65,17.7,,,13
Galium odoratum,7.3,50.98,23.5,3.4,6.9,41
Galium saxatile,9.3,53.40,25.1,2.9,8.7,36
Galium triflorum,4.8,46.01,19.9,2.5,8.0,"6, 28"
Gaultheria hispidula,4.3,45.88,9.5,1.2,7.9,5
Gaultheria procumbens,4.0,46.49,10.6,1.1,9.7,"5, 6"
Geranium maculatum,7.7,43.52,17.7,3.7,4.8,5
Geranium robertianum,9.3,53.40,33.2,3.1,10.7,36
Geranium sanquineum,4.1,55.75,18.6,2.7,6.9,35
Geranium sylvaticum,3.9,54.32,23.3,5.9,3.9,"31, 35"
Geum canadense,7.0,43.61,12.3,1.7,7.2,5
Geum rivale,9.4,50.17,30.0,2.0,15.0,‡
Gibasis geniculata,14.0,40.40,47.9,3.8,12.6,40
Ginkgo biloba,11.8,37.08,22.1,1.8,12.5,107
Glechoma hederacea,9.7,48.00,30.7,3.9,7.9,43
Gliricidia sepium,22.2,16.00,37.0,2.5,14.8,32
Globularia alypum,16.2,41.30,8.0,,,96
Globularia cambessedesii,17.0,39.54,16.3,,,53
Glossorhyncha sp.,26.8,10.00,8.5,1.0,8.2,44
Glyceria fluitans,7.3,50.98,28.0,2.1,13.3,41
Glyceria maxima,7.3,50.98,24.4,2.2,11.1,41
Goodyera repens,3.9,46.70,,2.8,,6
Goupia glabra,26.0,1.93,15.1,,,56
Grevillea anethifolia,18.2,32.98,12.4,0.8,14.6,46
Grevillea buxifolia,17.5,33.58,7.3,0.3,25.2,46
Grevillea speciosa,17.5,33.58,7.7,0.2,38.5,46
Grevillea thelemanniana,18.3,31.95,10.0,1.1,9.1,11
Guaiacum officinale,24.1,18.40,,0.4,,33
Guaiacum sanctum,24.1,18.40,,0.4,,33
Guapira obtusata,24.1,18.40,26.7,1.5,18.3,33
Guarea glabra,24.1,18.40,20.2,1.7,11.6,33
Guarea guidonia,24.1,18.40,26.9,1.5,17.6,55
Guarea swartzii,27.0,18.00,18.5,1.3,14.3,45
Guettarda scabra,24.1,18.40,8.1,0.6,12.7,33
Gutierrezia sarothare,13.0,34.62,16.8,,,8
Gymnocarpium dryopteris,4.3,45.88,14.9,3.1,4.8,5
Gyrostemon ramulosus,18.7,30.00,17.0,0.7,23.0,34
Haenianthus incrassatus,27.0,18.00,12.1,0.5,24.2,45
Hakea dactyloides,17.5,33.58,6.4,0.2,27.8,46
Hakea obliqua,18.7,30.00,6.3,0.6,10.5,34
Hakea tephrosperma,18.2,32.97,8.7,0.4,20.7,46
Hakea teretifolia,17.5,33.58,5.6,0.2,23.3,46
Hannoa klaineana,28.0,7.55,31.7,,,38
Hartogiella schinoides,13.5,33.83,13.4,,,9
Hedera helix,11.7,47.10,18.9,1.5,12.3,"36, 41, 54, ‡"
Hedyosmum arborescens,27.0,18.00,17.1,1.0,17.8,45
Helianthemum nummularium,12.4,45.10,23.3,2.3,10.7,"13, 36"
Helianthus microcephalus,12.5,35.00,26.2,,,8
Helichrysum apiculatum,18.2,32.97,27.1,2.8,9.6,46
Helichrysum arenarium,4.1,55.75,17.3,2.3,7.5,35
Helictotrichon pratense,9.3,53.40,16.4,1.2,13.7,36
Helleborus feotidus,17.0,39.54,16.6,,,53
Helleborus lividus,17.0,39.54,16.9,,,53
Hepatica americana,4.3,46.40,16.7,1.9,8.0,"5, 6"
Heracleum sphondylium,9.3,53.40,36.1,3.8,9.5,36
Hernandia sonora,24.1,18.40,17.9,0.7,24.3,33
Heteropogon contortus,12.0,19.50,11.8,1.1,10.7,10
Hibbertia bracteata,17.5,33.58,9.9,0.3,33.0,46
Hibbertia hypericoides,18.3,31.95,11.2,0.7,16.0,11
Hieracium longipilum,7.5,43.31,10.3,2.0,5.2,5
Hieracium umbellatum,4.1,55.75,25.7,2.8,9.2,35
Holarrhena floribunda,28.0,7.55,18.7,,,38
Holcus lanatus,8.0,51.78,19.9,1.6,12.5,"36, 41"
Holcus mollis,8.0,51.78,29.6,2.4,12.2,"36, 41"
Hyacinthoides nonscripta,9.3,53.40,35.9,2.9,12.4,36
Hyeronima alchorneoides,25.8,10.43,20.8,1.5,13.5,89
Hymenocardia ulmoides,17.4,32.33,21.1,,,9
Hymenolobium cf. flavum,25.0,4.00,20.2,,,1
Hyperacanthus amoenus,18.4,33.75,34.9,,,9
Hypericum hircinum subsp. cambessedesii,17.0,39.54,36.1,,,53
Hystrix patula,3.9,46.70,12.6,2.6,4.8,6
Ilex anomala,24.2,21.35,9.8,0.6,15.2,90
Ilex macfadyenii,27.0,18.00,10.0,0.5,20.0,45
Ilex mitis,15.0,33.83,21.5,,,9
Ilex subcordata,27.0,18.00,9.2,0.4,23.0,45
Ilex sideroxyloides,24.1,18.40,10.1,0.8,13.1,33
Ilex verticillata,8.0,43.15,15.5,,,56
Impatiens biflora,6.7,43.84,13.7,3.0,4.5,5
Impatiens parviflora,9.7,48.00,17.7,4.5,3.9,43
Inga acrocephala,25.0,4.00,25.9,,,1
Inga alba,25.0,4.00,25.8,,,1
Inga cayennensis,25.0,4.00,21.2,,,1
Inga cf. semialata,25.0,4.00,18.5,,,1
Inga cinnamomea,25.0,4.00,26.5,,,1
Inga densiflora,22.0,2.20,27.0,1.0,25.9,108
Inga edulis,25.0,4.00,32.3,,,1
Inga fanchoniana,25.0,4.00,30.4,,,1
Inga gracilifolia,25.0,4.00,23.6,,,1
Inga huberi,25.0,4.00,22.7,,,1
Inga laurina,24.1,18.40,28.2,1.1,26.6,55
Inga leiocalycina,25.0,4.00,17.2,,,1
Inga lomatophylla,25.0,4.00,21.0,,,1
Inga paraensis,25.0,4.00,23.6,,,1
Inga pezizifera,25.0,4.00,30.1,,,1
Inga rubiginosa,25.0,4.00,26.8,,,1
Inga sarmentosa,25.0,4.00,25.9,,,1
Inga sp.,25.0,4.00,24.4,,,1
Inga splendens,25.0,4.00,23.1,,,1
Inga stipularis,25.0,4.00,20.9,,,1
Inga thibaudiana,25.0,4.00,31.7,,,1
Inga tubaeformis,25.0,4.00,17.8,,,1
Inga vera,24.1,18.40,20.8,0.8,24.5,33
Inhambanella henriquesii,17.4,32.42,22.8,,,9
Iris sp.,9.7,48.00,9.1,2.0,4.5,43
Iris versicolor,3.9,46.70,20.0,3.1,6.5,6
Isoglossa ciliatus,18.4,33.75,45.8,,,9
Isotropis cuneifolia,18.7,30.00,22.0,0.7,29.7,34
Ixonanthes reticulata,26.5,3.10,9.9,0.5,20.2,109
Jacksonia floribunda,18.7,30.00,15.9,0.2,99.4,34
Jacksonia furcellata,18.3,31.95,13.7,0.3,50.0,34
Jacquinia berterii,24.1,18.40,.,0.2,,33
Juglans cinerea,6.8,44.31,22.0,3.0,7.4,"5, 15"
Juglans nigra,7.8,43.34,23.8,5.4,3.6,"5, 56"
Julbernardia globiflora,18.1,18.00,22.1,,,81
Juncus effusus,8.0,51.78,15.4,1.8,8.6,"36, 41"
Juncus macer,7.3,50.98,14.2,1.8,7.9,41
Juncus scheuchzerioides,1.8,,23.1,3.3,7.1,12
Juncus squarrosus,9.3,53.40,15.1,1.9,7.9,36
Juniperus communis,3.9,46.70,9.1,1.2,7.6,6
Juniperus monosperma,13.0,34.62,11.7,,,8
Juniperus oxycedrus,13.1,43.70,10.7,0.8,12.3,"13, 79"
Juniperus virginiana,8.0,43.15,16.4,,,56
Jurinea cyanoides,4.1,55.75,18.6,2.0,9.3,35
Kalmia latifolia,12.8,35.05,12.0,0.8,15.1,"8, 23"
Kalmia polifolia,5.0,45.69,11.4,1.6,7.0,5
Kandelia candel,21.8,24.88,18.2,1.4,13.3,"37, 83"
Khaya grandiflora,26.5,7.40,22.0,1.2,18.3,39
Khaya ivorensis,26.5,7.40,16.1,1.3,12.4,39
Khaya nyasica,24.1,18.40,18.4,0.9,20.4,55
Khaya senegalensis,26.5,7.40,23.1,1.5,15.4,39
Kickxia spuria,13.2,43.72,18.1,,,13
Kiggelaria africana,14.1,33.16,35.0,,,9
Kochia prostrata,14.2,40.40,,1.0,,62
Koeleria cristata,7.5,43.31,6.5,0.8,8.1,5
Koeleria glauca,4.1,55.75,21.4,2.5,8.6,35
Koeleria macrantha,9.3,53.40,18.1,1.6,11.3,36
Koeleria pyramidata,5.5,46.02,24.1,,,31
Krugiodendron ferreum,24.1,18.40,,0.5,,33
Kuhnia eupatorioides,7.7,43.13,17.0,1.4,12.1,5
Laguncularia racemosa,24.1,18.40,7.1,0.4,15.2,33
Lamiastrum galeobdolon,8.0,51.78,38.7,2.8,14.0,"36, 41"
Lansium domesticum,26.9,1.80,18.6,,,91
Laplacea haematoxylon,27.0,18.00,11.6,0.6,19.3,45
Laportea canadensis,7.0,43.61,17.7,2.5,7.1,5
Larix czekanowskii,–6.7,61.67,22.1,2.6,8.6,61
Larix dahurica,–9.8,62.07,15.8,2.9,5.4,"61, 64"
Larix decidua,8.2,50.51,19.3,1.8,11.1,"49, 56, 110–115, *"
Larix gmelinii,–4.5,45.76,16.7,,,"114, 116"
Larix kaempferi,9.6,52.50,12.4,2.1,5.9,49
Larix laricina,2.6,50.52,17.1,1.5,13.3,"5, 47, 56, 114"
Larix lyallii,0.6,46.70,22.6,,,114
Larix occidentalis,6.4,47.73,16.6,,,114
Larix sibirica,–3.9,64.87,16.6,2.5,5.5,"61, 71, 114"
Larix sukaczewii,–1.4,62.33,10.9,2.2,5.0,61
Larix ´ eurolepis,9.6,51.25,23.2,1.8,12.9,49
Larrea tridentata,13.0,34.62,19.4,,,8
Lasiopetalum ferrugineum,17.5,33.58,12.1,0.3,35.6,46
Lathyrus ochrolecus,3.9,46.70,32.9,1.5,13.7,6
Lathyrus venosus,4.5,46.12,22.2,1.9,12.6,"5, 6"
Laurus nobilis,16.2,41.40,27.6,,,54
Lavandula dentata,17.0,39.54,24.6,,,53
Lavandula latifolia,13.0,43.69,14.5,0.7,14.3,"13, 79"
Lavandula stoechas,14.8,42.95,12.7,0.9,14.6,"59, 79"
Lavatera cretica,17.0,39.54,50.4,,,53
Lectuca biennis,7.7,43.52,13.4,2.9,4.6,5
Ledum decumbens,–4.7,59.00,14.4,0.6,24.4,117
Ledum groenlandicum,5.0,45.69,9.7,0.9,10.3,5
Ledum palustre,–3.8,63.91,12.9,1.6,7.9,"19, 61, 65"
Leontodon hispidus,9.3,53.40,24.5,2.1,11.7,36
Leptospermum polygalifolium,17.5,33.58,13.9,0.6,25.3,46
Lespedeza capitata,7.6,43.22,11.8,1.4,8.4,5
Leucaena leucocephala,15.1,18.75,37.1,1.4,26.6,"10, 82"
Liatris aspera,5.7,45.01,11.7,1.4,8.1,"5, 6"
Liatris cylindracea,7.7,43.13,12.8,1.1,11.6,5
Licania heteromorpha,26.0,1.93,13.0,,,8
Ligusticum huteri,17.0,39.54,41.5,,,53
Limonium migjornense,17.0,39.54,24.7,,,53
Linnea borealis,3.9,46.70,12.5,1.9,6.3,6
Liparis spectabilis,26.8,10.00,7.9,0.8,9.8,44
Liquidambar styraciflua,16.0,34.32,16.4,2.5,5.5,"21, 22"
Liriodendron tulipifera,12.8,35.14,23.3,1.9,12.6,"8, 17, 23, 24, 50, †"
Liriope muscali,14.0,40.40,26.1,6.0,4.3,40
Lithospermum canescens,3.9,46.70,22.7,1.6,15.7,6
Lithospermum caroliniense,7.5,43.31,17.7,1.1,16.1,5
Litsea exsudens,26.8,10.00,13.7,0.8,16.2,44
Lolium perenne,9.3,53.40,32.7,4.4,7.4,36
Lonicera xbella,8.0,43.15,19.0,,,56
Lonicera canadensis,3.9,46.70,15.2,2.1,7.4,6
Lonicera dioca,3.9,46.70,,2.9,,6
Lonicera etrusca,12.8,43.77,20.1,,,13
Lonicera hirsuta,3.9,46.70,17.8,2.6,6.9,6
Lonicera xylosteum,5.4,58.60,21.1,1.4,15.4,19
Loreya mespiloides,25.0,4.00,23.5,,,1
Lotus corniculatus,11.6,46.98,29.4,1.3,20.8,"13, 36"
Ludwigia sp.,23.2,25.85,9.1,0.8,11.0,§
Luzula luzuloides,7.1,50.92,19.2,2.1,9.1,"41, 42"
Luzula pilosa,4.6,54.95,20.2,3.9,5.2,"35, 41"
Luzula sylvatica,9.3,53.40,19.5,2.0,9.8,36
Lycopodium lucidulum,7.4,43.93,20.3,0.9,21.4,28
Lyonia cf. octandra,27.0,18.00,9.2,0.5,18.4,45
Lyonia lucida,18.3,33.33,9.2,,,8
Lysimachia ciliata,7.2,42.96,12.5,2.1,6.0,5
Lysimachia nummularia,9.7,48.00,17.1,2.6,6.7,43
Machaerina mariscoides,17.0,19.50,6.9,0.2,34.5,10
Magnolia fraseri,13.0,35.05,23.0,,,17
Magnolia splendens,24.1,18.40,13.3,0.7,18.0,33
Majanthemum bifolium,6.2,52.57,34.5,3.1,11.0,"35, 41"
Majanthemum canadense,4.8,46.01,19.4,2.4,7.7,"6, 28"
Malus sp.,6.5,44.57,21.2,2.0,10.5,15
Manilkara bidentata,24.1,18.40,12.3,0.5,22.4,33
Maytenus acuminata,13.5,33.83,16.0,,,9
Maytenus oleodes,13.5,33.83,13.0,,,9
Mecranium purpurescens,27.0,18.00,16.3,0.7,23.3,45
Medeola virginiana,7.4,43.93,23.0,1.3,17.7,28
Medicago minima,13.0,43.74,38.8,,,13
Mediocalcar sp.,26.8,10.00,6.3,0.8,7.7,44
Melaleuca huegelii,18.3,31.95,14.1,1.4,10.1,11
Melaleuca uncinata,18.2,32.98,16.4,1.1,15.3,46
Melampyrum pratense,7.0,51.02,26.0,2.8,9.2,"41, 42"
Melastoma candidum,12.0,19.50,18.3,1.2,15.2,10
Melastoma malabarthricum,26.5,3.10,9.5,0.3,27.1,109
Melica nutans,7.3,50.98,28.4,1.7,16.7,41
Melica uniflora,7.6,50.93,28.6,2.0,14.3,"41, 42, 80"
Melinis minutiflora,12.0,19.50,24.6,3.2,7.7,10
Melodinus novoguineense,26.8,10.00,13.4,0.8,16.5,44
Mercurialis perennis,6.1,53.66,32.8,3.0,10.9,"35, 36, 41, 42"
Meriania purpurea,27.0,18.00,19.0,1.1,17.3,45
Metrosideros polymorpha,22.1,20.98,9.9,0.7,13.5,"10, 90"
Miconia calvescens,12.0,19.50,19.0,1.7,11.2,10
Miconia dispar,26.0,1.93,15.9,,,8
Miconia fragilis,25.0,4.00,22.1,,,1
Miconia prasina,24.1,18.40,20.3,1.1,19.2,33
Miconia tetrandra,24.1,18.40,14.6,0.6,25.2,33
Miconia tschudyoides,25.0,4.00,15.0,,,1
Micrandra sprucei,26.0,1.93,10.8,,,56
Microlepia cf. pseudohirta,26.8,10.00,22.0,1.9,11.6,44
Micropholis chrysophylloides,24.1,18.40,10.1,0.4,25.9,33
Micropholis maguirei,26.0,1.93,8.0,,,56
Microsorum cornwellii,26.8,10.00,6.8,1.6,4.2,44
Mikania scandens,23.2,25.85,12.7,1.0,12.3,§
Milium effusum,6.5,52.17,32.5,1.5,21.4,"35, 41, 80"
Mimusops obovata,17.4,32.33,25.0,,,9
Minuartia verna,9.3,53.40,18.1,2.2,8.2,36
Mitchella repens,7.4,43.93,.,1.1,,28
Mitreola sessilifolia,23.2,25.85,12.3,0.5,23.2,§
Molinia coerulea,6.9,51.00,21.1,1.0,20.2,"41, 42, 80"
Monanthotaxis caffra,17.4,32.33,37.8,,,9
Monarda fistuloza,7.7,43.13,8.0,1.5,5.3,5
Monarda punctata,7.5,43.31,13.2,2.4,5.5,5
Monotropa uniflora,3.9,46.70,19.7,3.0,6.6,6
Musa ornata,14.0,40.40,29.2,1.9,15.4,40
Myrcia deflexa,24.1,18.40,13.1,0.5,27.1,"33, 55"
Myrcia splendens,24.1,18.40,10.9,0.6,18.8,33
Myrianthus libericus,28.0,7.55,17.6,,,38
Myrica asplenifolia,4.3,45.88,21.5,1.3,16.5,5
Myrica faya,17.0,19.50,17.5,0.4,43.8,10
Myrrhis odorata,9.3,53.40,51.5,4.3,12.0,36
Myrsine lassertiana,24.2,21.35,9.5,0.8,12.4,90
Narcissus pseudonarcissus,9.4,50.17,43.0,3.0,14.3,‡
Nardus stricta,6.7,49.87,14.8,1.6,8.2,"31, 36, 41, 80"
Nastus productus,26.8,10.00,8.0,0.6,13.5,44
Neea obovata,26.0,1.93,18.4,,,56
Nemopanthus mucronatus,4.3,45.88,14.6,1.8,8.1,5
Neolaugeria resinosa,24.1,18.40,11.0,0.4,27.5,33
Nothofagus obliqua,9.6,51.25,26.0,1.5,17.3,49
Nuytsia floribunda,18.3,31.95,7.4,0.2,34.6,34
Nyssa aquatica,18.0,32.67,15.1,1.7,8.9,21
Nyssa sylvatica,13.8,34.67,19.1,1.5,13.2,"17, 21, 23"
Ocotea costulata,26.0,1.93,15.0,,,8
Ocotea leucoxylon,24.1,18.40,22.1,1.0,23.0,"33, 55"
Ocotea spathulata,24.1,18.40,,1.6,,33
Olea capensis ssp. macrocarpa,13.1,32.50,11.4,,,9
Olea europaea,17.0,39.54,19.0,,,53
Olea europaea ssp. africana,13.5,33.83,18.9,,,9
Olearia decurrens,18.2,32.98,19.8,1.1,18.9,46
Olearia pimelioides,18.2,32.98,24.0,1.2,19.3,46
Olinia ventosa,13.5,33.83,29.2,,,9
Ophiopodon japonicum,14.0,40.40,25.4,2.2,11.5,40
Origanum vulgare,9.3,53.40,22.4,1.7,13.2,36
Ormosia krugii,24.1,18.40,21.3,0.8,28.0,55
Ormosia melanocarpa,25.0,4.00,19.0,,,1
Ormosia sp.,25.0,4.00,21.0,,,1
Ornithogalum pyrenaicum,9.4,50.17,53.0,4.9,10.8,‡
Orobus vernus,4.1,55.75,32.3,4.2,7.6,35
Oryzospis asperifolia,3.9,46.70,17.3,2.1,8.3,6
Oryzospis pungens,3.9,46.70,14.1,1.7,7.4,6
Osmorhiza claytoni,5.5,45.27,16.1,3.0,4.7,"5, 6"
Osmorhiza longistylis,7.7,43.52,16.1,4.3,3.7,5
Osmunda cinnamomea,4.3,45.88,15.6,1.8,8.7,5
Osmunda claytoniana,7.4,43.93,24.1,1.8,13.4,28
Ostrya carpinifolia,9.3,45.67,23.1,1.1,20.7,85
Ostrya virginiana,5.6,45.33,19.5,1.8,10.1,"5, 6, 15"
Ouratea littoralis,24.1,18.40,10.6,0.5,19.6,33
Oxalis acetosella,7.0,52.77,29.5,3.3,9.0,"35, 36, 41"
Oxalis montana,7.4,43.93,,2.5,,28
Oxydendrum arboreum,12.8,35.04,18.7,,,"17, 24"
Oxypolis rigidor,7.8,43.18,11.6,1.1,10.5,5
Padus avium,5.4,58.60,19.9,1.5,13.5,19
Paeonia cambessedesii,17.0,39.54,17.4,,,53
Palicourea crosea,24.1,18.40,26.8,0.8,31.5,33
Palicourea riparia,24.1,18.40,26.8,0.8,33.9,55
Pancovia golungensis,17.4,32.33,20.5,,,9
Pandanus cf. jiulanetti,26.8,10.00,14.0,0.8,17.1,44
Panicum hemitomon,23.2,25.85,9.5,0.9,10.9,§
Paramachaerium ormosioides,25.0,4.00,27.4,,,1
Parinari excelsa,28.0,7.55,24.5,,,38
Paris quadrifolia,4.1,55.75,29.6,3.9,7.6,35
Parkia sp.,25.0,4.00,25.5,,,1
Parthenocissus quinquefolia,3.9,46.70,,1.5,,6
Parthenocissus vitacea,7.5,43.24,20.7,3.5,5.8,5
Pastinaca lucida,17.0,39.54,26.5,,,53
Pedicularis canadensis,3.9,46.70,32.6,2.7,12.1,6
Peltandra virginica,23.2,25.85,23.0,1.4,16.4,§
Pennisetum setaceum,12.0,19.50,12.1,0.6,20.2,10
Pentaclethera macrophylla,28.0,7.55,24.3,,,38
Persea borbonia,18.3,33.33,16.4,,,8
Phalaris arundinacea,7.3,50.98,31.8,2.3,13.8,41
Phillyrea angustifolia,15.1,42.83,10.9,0.8,14.3,"59, 79"
Phillyrea latifolia,15.1,42.38,12.2,0.7,12.2,"13, 53, 59, 79"
Phleum alpinum,1.8,,19.2,3.4,5.6,12
Phleum pratense,12.8,43.77,28.5,,,13
Phlomis italica,17.0,39.54,20.9,,,53
Phragmites communis,7.4,48.29,26.8,1.8,14.5,"5, 41"
Phryma leptostachya,7.7,43.52,19.3,3.7,5.2,5
Phyllota phylicoides,17.5,33.58,13.8,0.3,53.1,46
Picea abies,6.2,54.12,12.1,1.4,9.0,"73, 77, 99, 103, 113–115, 117–160"
Picea chihuahuana,15.0,23.65,13.3,2.1,6.4,161
Picea engelmanii,–1.2,40.03,10.5,2.0,5.3,"8, 162"
Picea glauca,–0.5,59.14,9.8,1.5,6.6,"5, 6, 8, 52, 69"
Picea mariana,–0.5,57.96,7.3,0.7,9.5,"5, 56, 69, 114, 163–165"
Picea obovata,–8.4,69.44,15.3,,,114
Picea omorica,8.6,52.78,10.8,0.7,14.5,166
Picea rubens,7.4,43.93,12.6,1.0,12.6,28
Picea sitchensis,8.2,53.22,6.8,1.2,5.1,"114, 167"
Picea sp.,–1.1,30.67,12.6,,,114
Pictetia aculenta,24.1,18.40,.,0.8,,33
Pilea cyneata,26.8,10.00,12.4,0.8,15.5,44
Pilosella officinarum,9.3,53.40,16.6,1.5,11.1,36
Pimenta racemosa,24.1,18.40,8.6,0.4,21.5,33
Pinus albicaulis,0.6,46.70,8.0,,,114
Pinus banksiana,4.9,45.78,12.3,1.3,9.5,"5, 6, 8"
Pinus brutia,15.8,36.90,9.1,1.5,6.1,168
Pinus caribaea,24.1,18.40,8.8,0.8,11.3,33
Pinus cembra,2.6,46.40,17.5,2.2,7.5,"114, 128"
Pinus contorta,7.4,48.42,12.6,,,114
Pinus edulis,13.0,34.62,10.6,,,56
Pinus flexilis,–3.7,40.10,11.2,,,8
Pinus halepensis,13.9,42.27,11.4,1.0,11.8,"14, 53, 79"
Pinus heldreichii,7.7,52.25,10.0,,,169
Pinus jeffreyi,10.1,39.50,12.3,1.3,9.3,170
Pinus massoniana,19.7,26.32,15.7,0.7,21.0,171
Pinus monticola,7.0,46.83,14.5,,,172
Pinus mugo,4.0,.,11.0,1.4,7.7,128
Pinus nigra,9.2,50.64,11.7,1.1,10.1,"76, 173–177, *"
Pinus palustris,18.3,33.33,8.2,,,8
Pinus patula,18.1,18.00,13.0,,,81
Pinus pinaster,15.8,35.07,8.7,0.7,16.2,"14, 178–180"
Pinus pinea,11.5,41.08,10.9,,,14
Pinus ponderosa,6.0,35.27,11.6,,,181
Pinus pumila,–4.7,59.00,12.6,1.4,9.0,117
Pinus radiata,13.1,36.58,14.2,1.4,10.6,"180, 182–184, **"
Pinus resinosa,4.8,45.83,10.8,1.1,8.1,"5, 6, 56"
Pinus rigida,12.5,35.00,11.6,,,8
Pinus serotina,18.3,33.33,8.2,,,8
Pinus sibirica,–0.2,56.30,15.4,1.4,11.0,75
Pinus strobus,7.4,43.76,13.8,1.5,9.5,"5, 6, 8, 185, 186, †"
Pinus sylvestris,6.1,56.36,13.2,1.4,9.6,"8, 14, 64, 72, 73, 75, 77, 119, 127, 137, 144, 152, 155, 157, 174, 175, 177, 187, 188–238, *"
Pinus taeda,17.1,32.40,11.6,1.2,9.7,"239, §"
Piper hispidum,26.9,1.80,38.5,,,91
Piptadeniastrum africanum,28.0,7.55,13.9,,,38
Pisonia albida,24.1,18.40,21.8,1.2,18.8,33
Pisonia subcordata,24.1,18.40,15.0,0.8,19.2,33
Pistacia lentiscus,16.4,40.50,10.9,0.9,9.5,"53, 59, 79, 240"
Pistacia terebinthus,13.7,43.10,21.4,,,"13, 53"
Pityrodia bartlingii,18.7,30.00,11.3,0.6,17.7,34
Plagiosiphon emarginatus,28.0,7.55,16.2,,,38
Planchonella firma,26.8,10.00,13.1,0.7,18.7,44
Planchonia carreya,27.4,12.51,12.7,,,"93, 98"
Plantago atrata,3.6,46.83,20.8,,,31
Plantago lanceolata,12.5,45.60,18.2,2.2,9.3,"13, 36"
Plantago media,3.3,47.00,22.6,,,31
Platanus occidentalis,13.0,35.05,18.3,,,17
Pluchea foetida,23.2,25.85,9.3,0.7,13.8,§
Plumeria alba,24.1,18.40,15.1,1.6,8.8,33
Plumeria obtusa,24.1,18.40,13.4,0.3,41.9,33
Plumeria rubra,24.1,18.40,25.4,1.3,19.7,33
Poa annua,9.3,53.40,38.5,4.5,8.6,36
Poa chaixii,7.2,50.93,18.6,1.8,10.4,"41, 42"
Poa flabellata,1.8,,17.1,2.6,6.7,12
Poa nemoralis,1.5,50.98,17.2,2.2,7.7,"41, 80, 84"
Poa trivialis,9.3,53.40,33.6,4.0,8.4,36
Podocarpus archboldii,26.8,10.00,10.6,0.7,15.2,44
Podocarpus elongatus,15.9,33.79,13.5,,,9
Podocarpus latifolius,13.1,32.50,11.4,,,9
Podocarpus urbanii,27.0,18.00,7.4,0.5,14.8,45
Podophyllum peltatum,9.4,40.56,27.9,2.8,4.2,"5, 8, 56"
Poecilanthe hostmanii,25.0,4.00,21.5,,,1
Pollalesta discolor,22.0,2.20,27.2,2.2,12.3,108
Polygala polygama,7.5,43.31,18.3,2.0,9.2,5
Polygonatum biflorum,3.9,46.70,17.9,2.2,6.7,6
Polygonatum multiflorum,9.4,50.17,30.0,2.1,14.3,‡
Polygonatum officinalis,4.1,55.75,33.6,4.5,7.4,35
Polygonatum pubescens,6.5,44.72,16.5,2.7,7.2,"5, 28"
Polygonum bistorta,–8.3,68.63,21.5,1.7,12.7,65
Polygonum cuspidatum,9.0,34.73,22.3,,,241
Polygonum sachalinense,2.1,46.92,38.0,,,57
Polygonum sp.,23.2,25.85,9.8,0.8,12.5,§
Polygonum viviparum,3.6,46.83,32.5,,,31
Polystichum mohrioides,1.8,.,20.0,2.6,7.7,12
Pontederia lanceolata,23.2,25.85,19.0,1.6,11.7,§
Populus alba,17.0,39.54,23.5,,,53
Populus balsamifera,–0.7,60.16,16.9,1.7,10.0,"15, 52"
Populus deltoides,7.0,44.08,20.4,1.8,10.9,"5, 8, 15"
Populus fremontii,13.0,34.62,16.6,,,8
Populus grandidentata,7.6,43.37,24.4,2.5,9.9,"6, 15, 20"
Populus maximowiczii,9.1,51.46,20.6,2.3,9.1,242
Populus nigra,14.2,40.31,23.1,,,"14, 53"
Populus sp.,8.6,49.40,25.2,1.8,14.0,77
Populus tremuloides,0.9,56.28,20.5,2.3,8.6,"6, 8, 15, 52, 69"
Potentilla aurea,3.6,46.83,28.4,,,31
Potentilla crantzii,12.8,43.77,17.9,,,13
Potentilla erecta,9.3,53.40,21.7,1.8,12.1,36
Potentilla tridentata,3.9,46.70,14.5,2.3,6.3,6
Prenanthes alba,3.9,46.70,16.4,2.1,7.9,6
Prenanthes purpurea,7.3,50.98,30.0,2.0,15.0,41
Prestoea montana,24.1,18.40,12.2,0.7,17.8,"33, 55"
Primula elatior,9.4,50.17,25.0,1.9,13.2,‡
Prosopis glandulosa,13.0,34.62,24.9,,,8
Prosopis juliflora,23.1,29.48,30.1,2.2,13.9,243
Protium sp.,26.0,1.93,12.3,,,8
Prunus avium,10.2,50.78,18.0,1.4,12.9,*
Prunus mahaleb,12.8,43.77,21.2,,,13
Prunus pensylvanica,5.8,44.71,23.4,2.4,9.7,"6, 15, 16, 28"
Prunus pumila,3.9,46.70,19.3,2.5,7.3,6
Prunus serotina,7.3,43.64,23.3,2.6,9.4,"5, 6, 15, 20, 56"
Prunus spinosa,12.4,42.87,19.6,,,"13, 14"
Prunus virginiana,5.2,45.63,23.6,2.4,9.7,"6, 15"
Pseudopiptadenia suaveolens,25.0,4.00,18.1,,,1
Pseudotsuga menziesii,8.5,48.82,12.2,1.4,9.2,"114, 151, 244, 245, *, ††"
Psidium cattleianum,12.0,19.50,11.5,0.9,12.8,10
Psidium guajava,22.4,18.56,21.3,2.1,10.0,"10, 246"
Psoralea bituminosa,13.3,43.65,42.0,,,13
Psychotria barteroona,24.1,18.40,31.7,1.0,32.0,33
Psychotria sp.,18.1,18.95,17.6,1.0,17.9,"10, 33"
Pteleopsis myrtifolia,17.4,32.33,22.5,,,9
Pteridium aquilinum,7.6,48.88,24.9,2.4,10.7,"5, 35, 36, 41, 42, 53"
Pterocarpus officinalis,24.1,18.40,17.7,0.6,32.2,33
Pterocaulon pycnostachyum,18.3,33.33,19.7,,,8
Pulmonaria angustifolia,9.4,50.17,22.0,1.7,12.9,‡
Pulmonaria officinalis,9.7,48.00,17.3,3.9,4.4,43
Pulsatilla sulphurea,3.6,46.83,23.7,,,31
Pultenea daphnoides,17.5,33.58,19.2,0.3,56.5,46
Pultenea flexilis,17.5,33.58,16.9,0.4,46.9,46
Pycnanthus angolensis,28.0,7.55,19.2,,,38
Pyrola rotundifolia,3.9,46.70,12.5,1.4,8.9,6
Pyrola secunda,3.9,46.70,15.3,2.3,7.1,6
Pyrus bourgaena,11.5,41.08,21.5,,,14
Quercus alba,11.2,38.51,21.5,1.8,11.1,"5, 15, 17, 21, 24, †, ‡‡"
Quercus bicolor,7.7,43.52,20.2,2.6,7.8,5
Quercus borealis,3.9,46.70,21.6,2.2,9.0,6
Quercus cerris,12.8,41.42,20.1,0.9,21.8,100
Quercus coccifera,13.8,42.73,12.5,0.7,16.9,"14, 53, 79"
Quercus coccinea,12.8,35.05,19.8,1.3,15.3,"8, 17, 23, 24, †"
Quercus ellipsoidalis,8.0,43.15,21.0,,,8
Quercus faginea,11.5,41.08,24.2,,,14
Quercus humilis,17.0,39.54,27.3,,,53
Quercus ilex,14.1,42.60,14.0,0.9,15.6,"13, 50, 53, 54, 59, 79, 100, 247, 248"
Quercus laurifolia,18.0,32.67,12.8,1.9,6.7,21
Quercus leavis,18.3,33.33,11.5,,,8
Quercus macrocarpa,5.6,45.28,22.6,2.2,9.8,"6, 15, 56"
Quercus michauxii,18.0,32.67,19.1,2.6,7.3,21
Quercus nigra,18.0,32.67,19.8,2.4,8.3,21
Quercus petraea,9.1,50.08,21.2,1.8,11.9,"49, 249, 250"
Quercus prinus,11.2,37.64,21.9,1.4,14.4,"17, 23, 24, 26, 27, 50, †, ¶"
Quercus pubescens,13.2,43.67,18.3,0.9,15.8,"13, 79"
Quercus pyrenaica,10.7,41.08,16.8,1.3,11.1,"14, 251"
Quercus robur,8.8,49.53,24.3,1.9,12.5,"19, 43, 49, 77, 106, 110, 111, 186, 252–254, *"
Quercus rotundifolia,11.5,41.08,13.9,,,14
Quercus rubra,9.1,44.62,19.0,1.5,11.6,"5, 15, 17, 23, 24, 26, 27, 49, 72, 185, 192, 234, 255, *, §"
Quercus sp.,10.4,50.90,25.9,2.3,11.3,49
Quercus suber,14.2,44.95,15.3,1.1,13.7,"14, 79, 256"
Quercus turbinella,13.0,34.62,15.4,,,8
Quercus velutina,7.7,43.52,19.2,1.4,13.7,5
Quercus virginiana,18.3,33.33,15.4,,,8
Quintinia acutifolia,11.3,43.33,10.3,,,26
Ramischia secunda,4.1,55.75,19.3,3.9,4.9,35
Ranunculus acris,3.6,46.83,32.6,,,31
Ranunculus biternatus,1.8,,26.0,4.4,6.0,12
Ranunculus cassubicus,4.1,55.75,29.9,3.3,9.1,35