"","numb","unique_id"
"1","2019-05-06-0717_empty_racir","2019-05-06-0740_trillium_ovatum"
"2","2019-05-06-0717_empty_racir","2019-05-06-0801_ribes_sanguineum"
"3","2019-05-06-0717_empty_racir","2019-05-06-0820_cornus_kousa"
"4","2019-05-06-0914_empty_racir","2019-05-06-0834_corylus_colurna"
"5","2019-05-06-0914_empty_racir","2019-05-06-0840_corylus_colurna"
"6","2019-05-06-0914_empty_racir","2019-05-06-0856_shepherdia_canadensis"
"7","2019-05-06-0918_empty_racir","2019-05-06-0941_aesculus_pavia"
"8","2019-05-06-0918_empty_racir","2019-05-06-0956_itea_virginica"
"9","2019-05-06-1041_empty_racir","2019-05-06-1011_sassafras_albidum"
"10","2019-05-06-1041_empty_racir","2019-05-06-1028_sanguinaria_canadensis"
"11","2019-05-07-0725_empty_racir","2019-05-07-0738_angelica_archangelica"
"12","2019-05-07-0725_empty_racir","2019-05-07-0757_verbascum_nigrum"
"13","2019-05-07-0725_empty_racir","2019-05-07-0820_sarracenia_minor"
"14","2019-05-07-0925_empty_racir","2019-05-07-0843_pachysandra_procumbens"
"15","2019-05-07-0925_empty_racir","2019-05-07-0912_azara_serrata"
"16","2019-05-07-0925_empty_racir","2019-05-07-0944_geranium_tuberosum"
"17","2019-05-07-0925_empty_racir","2019-05-07-1003_platanus_orientalis"
"18","2019-05-07-1049_empty_racir","2019-05-07-1016_arbutus_unedo"
"19","2019-05-07-1049_empty_racir","2019-05-07-1036_polypodium_vulgare"
"20","2019-05-07-1049_empty_racir","2019-05-07-1037_polypodium_vulgare"
"21","2019-05-08-0704_empty_racir","2019-05-08-0720_ginkgo_biloba"
"22","2019-05-08-0704_empty_racir","2019-05-08-0742_meliosma_veitchiorum"
"23","2019-05-08-0704_empty_racir","2019-05-08-0801_magnolia_dawsoniana"
"24","2019-05-08-0916_empty_racir","2019-05-08-0817_cephalotaxus_harringtonia"
"25","2019-05-08-0916_empty_racir","2019-05-08-0842_luzula_sylvatica"
"26","2019-05-08-0916_empty_racir","2019-05-08-0903_dryopteris_wallichiana"
"27","2019-05-08-0916_empty_racir","2019-05-08-0929_emmenopterys_henryi"
"28","2019-05-08-0916_empty_racir","2019-05-08-0932_emmenopterys_henryi"
"29","2019-05-08-0916_empty_racir","2019-05-08-0953_rehderodendron_macrocarpum"
"30","2019-05-08-0916_empty_racir","2019-05-08-1013_boehmeria_platanifolia"
"31","2019-05-08-1107_empty_racir","2019-05-08-1030_helwingia_chinensis"
"32","2019-05-08-1107_empty_racir","2019-05-08-1053_staphylea_bumalda"
"33","2019-05-09-0721_empty_racir","2019-05-09-0740_dryopteris_dilatata"
"34","2019-05-09-0721_empty_racir","2019-05-09-0803_syringa_oblata"
"35","2019-05-09-0924_empty_racir","2019-05-09-0829_paulownia_tomentosa"
"36","2019-05-09-0924_empty_racir","2019-05-09-0843_symphoricarpos_mollis"
"37","2019-05-09-0924_empty_racir","2019-05-09-0908_arachniodes_simplicior"
"38","2019-05-09-0924_empty_racir","2019-05-09-0935_dicksonia_antarctica"
"39","2019-05-09-0924_empty_racir","2019-05-09-0958_dryopteris_carthusiana"
"40","2019-05-09-0924_empty_racir","2019-05-09-1010_osmunda_regalis"
"41","2019-05-09-1106_empty_racir","2019-05-09-1029_dryopteris_goldiana"
"42","2019-05-09-1106_empty_racir","2019-05-09-1054_cypripedium_japonicum"
"43","2019-05-10-0702_empty_racir","2019-05-10-0717_disanthus_cercidifolius"
"44","2019-05-10-0702_empty_racir","2019-05-10-0736_rhododendron_barbatum"
"45","2019-05-10-0702_empty_racir","2019-05-10-0801_bretschneidera_sinensis"
"46","2019-05-10-0900_empty_racir","2019-05-10-0825_iris_wilsonii"
"47","2019-05-10-0900_empty_racir","2019-05-10-0842_lysimachia_clethroides"
"48","2019-05-10-0900_empty_racir","2019-05-10-0915_stachyurus_chinensis"
"49","2019-05-10-0900_empty_racir","2019-05-10-0931_matteuccia_struthiopteris"
"50","2019-05-10-0900_empty_racir","2019-05-10-0951_trochodendron_aralioides"
"51","2019-05-10-1102_empty_racir","2019-05-10-1009_stewartia_serrata"
"52","2019-05-10-1102_empty_racir","2019-05-10-1028_viburnum_davidii"
"53","2019-05-10-1102_empty_racir","2019-05-10-1049_tapiscia_sinensis"
"54","2019-05-11-0659_empty_racir","2019-05-11-0717_dryopteris_erythrosora"
"55","2019-05-11-0659_empty_racir","2019-05-11-0752_drimys_winteri"
"56","2019-05-11-0913_empty_racir","2019-05-11-0816_daphniphyllum_macropodum"
"57","2019-05-11-0913_empty_racir","2019-05-11-0837_sciadopitys_verticillata"
"58","2019-05-11-0913_empty_racir","2019-05-11-0857_decaisnea_insignis"
"59","2019-05-11-0913_empty_racir","2019-05-11-0927_actinidia_kolomikta"
"60","2019-05-11-0913_empty_racir","2019-05-11-0945_schefflera_delavayi"
"61","2019-05-11-0913_empty_racir","2019-05-11-1007_eurya_japonica"
"62","2019-05-11-1112_empty_racir","2019-05-11-1024_rhododendron_degronianum"
"63","2019-05-11-1112_empty_racir","2019-05-11-1043_rhododendron_hyperythrum"
"64","2019-05-11-1112_empty_racir","2019-05-11-1101_clethra_delavayi"
"65","2019-05-13-0715_empty_racir","2019-05-13-0727_lysichiton_camtschatcensis"
"66","2019-05-13-0715_empty_racir","2019-05-13-0746_anemone_rivularis"
"67","2019-05-13-0840_empty_racir","2019-05-13-0806_tsuga_sieboldii"
"68","2019-05-13-0840_empty_racir","2019-05-13-0823_ephedra_frustillata"
"69","2019-05-13-0840_empty_racir","2019-05-13-0826_ephedra_frustillata"
"70","2019-05-13-0840_empty_racir","2019-05-13-0852_dianthus_microlepis"
"71","2019-05-13-0840_empty_racir","2019-05-13-0914_narcissus_minor"
"72","2019-05-13-1009_empty_racir","2019-05-13-0937_haberlea_rhodopensis"
"73","2019-05-13-1009_empty_racir","2019-05-13-0954_abies_pinsapo"
"74","2019-05-16-0728_empty_racir","2019-05-16-0740_pinus_sylvestris"
"75","2019-05-16-0728_empty_racir","2019-05-16-0804_crinodendron_hookerianum"
"76","2019-05-16-0728_empty_racir","2019-05-16-0822_pinus_cembra"
"77","2019-05-16-0900_empty_racir","2019-05-16-0838_chamaedaphne_calyculata"
"78","2019-05-16-0900_empty_racir","2019-05-16-0924_cistus_laurifolius"
"79","2019-05-16-0900_empty_racir","2019-05-16-0946_halocarpus_bidwilii"
"80","2019-05-16-1035_empty_racir","2019-05-16-1007_berberis_darwinii"
"81","2019-05-16-1035_empty_racir","2019-05-16-1021_escallonia_rubra"
"82","2019-05-19-0715_empty_racir","2019-05-19-0728_rhus_glabra"
"83","2019-05-19-0715_empty_racir","2019-05-19-0748_asimina_triloba"
"84","2019-05-19-0715_empty_racir","2019-05-19-0809_polystichum_acrostichoides"
"85","2019-05-19-0902_empty_racir","2019-05-19-0827_scirpus_microcarpus"
"86","2019-05-19-0902_empty_racir","2019-05-19-0844_canna_indica"
"87","2019-05-19-0902_empty_racir","2019-05-19-0915_abies_koreana"
"88","2019-05-19-0902_empty_racir","2019-05-19-0940_morus_australis"
"89","2019-05-19-0902_empty_racir","2019-05-19-0959_molinia_caerulea"
"90","2019-05-19-1055_empty_racir","2019-05-19-1021_ailanthus_altissima"
"91","2019-05-19-1055_empty_racir","2019-05-19-1039_anaphalis_margaritacea"
"92","2019-05-22-0844_empty_racir","2019-05-22-0707_polystichum_setiferum"
"93","2019-05-22-0844_empty_racir","2019-05-22-0739_paeonia_delavayi"
"94","2019-05-22-0844_empty_racir","2019-05-22-0746_paeonia_delavayi"
"95","2019-05-22-0844_empty_racir","2019-05-22-0802_rhododendron_morii"
"96","2019-05-22-0844_empty_racir","2019-05-22-0832_cercidiphyllum_japonicum"
"97","2019-05-22-0844_empty_racir","2019-05-22-0858_fragaria_chiloensis"
"98","2019-05-22-0844_empty_racir","2019-05-22-0917_lathyrus_vernus"
"99","2019-05-22-0952_empty_racir","2019-05-22-0937_glandora_diffusa"
"100","2019-05-22-0952_empty_racir","2019-05-22-1005_tsuga_mertensiana"
"101","2019-05-22-0952_empty_racir","2019-05-22-1023_tolmeia_menziesii"
"102","2019-05-22-0952_empty_racir","2019-05-22-1037_myrica_gale"
"103","2019-05-22-0952_empty_racir","2019-05-22-1106_acorus_americanus"
"104","2019-05-23-0725_empty_racir","2019-05-23-0740_zelkova_serrata"
"105","2019-05-23-0725_empty_racir","2019-05-23-0805_euptelea_polyandra"
"106","2019-05-23-0725_empty_racir","2019-05-23-0824_rhododendron_campylocarpum"
"107","2019-05-23-0930_empty_racir","2019-05-23-0851_persicaria_campanulata"
"108","2019-05-23-0930_empty_racir","2019-05-23-0907_lysimachia_clethroides"
"109","2019-05-23-0936_empty_racir","2019-05-23-0950_datisca_cannabina"
"110","2019-05-23-0936_empty_racir","2019-05-23-1011_fritillaria_imperialis"
"111","2019-05-23-1046_empty_racir","2019-05-23-1031_gymnocarpium_dryopteris"
"112","2019-05-26-0857_empty_racir","2019-05-26-0739_gentiana_acaulis"
"113","2019-05-26-0857_empty_racir","2019-05-26-0756_hypericum_densiflorum"
"114","2019-05-26-0857_empty_racir","2019-05-26-0814_embothrium_coccineum"
"115","2019-05-26-0857_empty_racir","2019-05-26-0837_fuchsia_magellanica"
"116","2019-05-26-0857_empty_racir","2019-05-26-0909_kniphofia_rooperi"
"117","2019-05-26-0857_empty_racir","2019-05-26-0926_colchicum_autumnale"
"118","2019-05-26-1009_empty_racir","2019-05-26-0954_tolmeia_menziesii"
"119","2019-05-26-1009_empty_racir","2019-05-26-1023_oxalis_oregana"
"120","2019-05-26-1009_empty_racir","2019-05-26-1041_equisetum_scirpoides"
"121","2019-05-27-0950_empty_racir","2019-05-27-1005_dryopteris_expansa"
"122","2019-05-27-0950_empty_racir","2019-05-27-1032_ampelopsis_megalophylla"
"123","2019-05-27-0950_empty_racir","2019-05-27-1051_toona_sinensis"
"124","2019-05-29-0718_empty_racir","2019-05-29-0731_verbena_rigida"
"125","2019-05-29-0718_empty_racir","2019-05-29-0747_gunnera_monoica"
"126","2019-05-29-0718_empty_racir","2019-05-29-0811_puschkinia_scilloides"
"127","2019-05-29-0952_empty_racir","2019-05-29-0836_jovellana_violacea"
"128","2019-05-29-0952_empty_racir","2019-05-29-0859_rhamnus_alpina"
"129","2019-05-29-0952_empty_racir","2019-05-29-0917_pinus_heldercichii"
"130","2019-05-29-0952_empty_racir","2019-05-29-0936_hydrangea_quercifolia"
"131","2019-05-29-0952_empty_racir","2019-05-29-1007_aristolochia_tormentosa"
"132","2019-05-29-0952_empty_racir","2019-05-29-1028_calycanthus_floridus"
"133","2019-05-29-0952_empty_racir","2019-05-29-1045_thelypteris_novaboracensis"
"134","2019-05-30-0750_empty_racir","2019-05-30-0659_adiantum_pedatum"
"135","2019-05-30-0750_empty_racir","2019-05-30-0713_neillia_sinensis"
"136","2019-05-30-0750_empty_racir","2019-05-30-0732_adiantum_pedatum"
"137","2019-05-30-0750_empty_racir","2019-05-30-0803_erica_cinerea"
"138","2019-05-30-0750_empty_racir","2019-05-30-0821_picea_abies"
"139","2019-05-31-0818_empty_racir","2019-05-31-0717_catalpa_fargesii"
"140","2019-05-31-0818_empty_racir","2019-05-31-0736_aucuba_chinensis"
"141","2019-05-31-0818_empty_racir","2019-05-31-0801_quercus_macranthera"
"142","2019-05-31-0818_empty_racir","2019-05-31-0832_viola_odorata"
"143","2019-05-31-0818_empty_racir","2019-05-31-0900_ceratostigma_minus"
"144","2019-05-31-0936_empty_racir","2019-05-31-0923_vaccinium_deliciosum"
"145","2019-05-31-0936_empty_racir","2019-05-31-0948_microbiota_decussata"
"146","2019-05-31-0936_empty_racir","2019-05-31-1012_picea_alcoquiana"
"147","2019-05-31-0936_empty_racir","2019-05-31-1036_liquidambar_formosana"
"148","2019-06-01-0813_empty_racir","2019-06-01-0720_pachysandra_procumbens"
"149","2019-06-01-0813_empty_racir","2019-06-01-0737_chelone_lyonii"
"150","2019-06-01-0813_empty_racir","2019-06-01-0756_asimina_triloba"
"151","2019-06-01-0813_empty_racir","2019-06-01-0826_polystichum_acrostichoides"
"152","2019-06-01-0813_empty_racir","2019-06-01-0846_podophyllum_peltatum"
"153","2019-06-01-0955_empty_racir","2019-06-01-0904_platanus_orientalis"
"154","2019-06-01-0955_empty_racir","2019-06-01-0926_arbutus_unedo"
"155","2019-06-01-0955_empty_racir","2019-06-01-0941_geranium_tuberosum"
"156","2019-06-01-0955_empty_racir","2019-06-01-1017_polypodium_vulgare"
"157","2019-06-01-0955_empty_racir","2019-06-01-1033_azara_serrata"
"158","2019-06-02-0918_empty_racir","2019-06-02-0748_itea_virginica"
"159","2019-06-02-0918_empty_racir","2019-06-02-0806_sassafras_albidum"
"160","2019-06-02-0918_empty_racir","2019-06-02-0830_aesculus_pavia"
"161","2019-06-02-0918_empty_racir","2019-06-02-0858_sanguinaria_canadensis"
"162","2019-06-02-0918_empty_racir","2019-06-02-0934_cornus_kousa"
"163","2019-06-02-0918_empty_racir","2019-06-02-0948_corylus_colurna"
"164","2019-06-02-1038_empty_racir","2019-06-02-1005_ribes_sanguineum"
"165","2019-06-02-1038_empty_racir","2019-06-02-1023_trillium_ovatum"
"166","2019-06-03-0815_empty_racir","2019-06-03-0703_staphylea_bumalda"
"167","2019-06-03-0815_empty_racir","2019-06-03-0722_helwingia_chinensis"
"168","2019-06-03-0815_empty_racir","2019-06-03-0744_boehmeria_platanifolia"
"169","2019-06-03-0815_empty_racir","2019-06-03-0758_tapiscia_sinensis"
"170","2019-06-03-0815_empty_racir","2019-06-03-0829_rehderodendron_macrocarpum"
"171","2019-06-03-0815_empty_racir","2019-06-03-0849_bretschneidera_sinensis"
"172","2019-06-03-0815_empty_racir","2019-06-03-0910_cercidiphyllum_japonicum"
"173","2019-06-03-1018_empty_racir","2019-06-03-0929_cercidiphyllum_japonicum"
"174","2019-06-03-1018_empty_racir","2019-06-03-0946_dryopteris_wallichiana"
"175","2019-06-03-1018_empty_racir","2019-06-03-1006_luzula_sylvatica"
"176","2019-06-03-1018_empty_racir","2019-06-03-1031_rhododendron_morii"
"177","2019-06-03-1018_empty_racir","2019-06-03-1048_emmenopterys_henryi"
"178","2019-06-06-0833_empty_racir","2019-06-06-0718_daphniphyllum_macropodum"
"179","2019-06-06-0833_empty_racir","2019-06-06-0724_daphniphyllum_macropodum"
"180","2019-06-06-0833_empty_racir","2019-06-06-0746_stewartia_serrata"
"181","2019-06-06-0833_empty_racir","2019-06-06-0819_trochodendron_aralioides"
"182","2019-06-06-0833_empty_racir","2019-06-06-0850_matteuccia_struthiopteris"
"183","2019-06-06-0833_empty_racir","2019-06-06-0909_stachyurus_chinensis"
"184","2019-06-06-1007_empty_racir","2019-06-06-0927_iris_wilsonii"
"185","2019-06-06-1007_empty_racir","2019-06-06-0951_disanthus_cercidifolius"
"186","2019-06-06-1007_empty_racir","2019-06-06-1027_rhododendron_barbatum"
"187","2019-06-06-1007_empty_racir","2019-06-06-1042_ginkgo_biloba"
"188","2019-06-08-0800_empty_racir","2019-06-08-0704_clethra_delavayi"
"189","2019-06-08-0800_empty_racir","2019-06-08-0723_rhododendron_hyperythrum"
"190","2019-06-08-0800_empty_racir","2019-06-08-0741_rhododendron_degronianum"
"191","2019-06-08-0800_empty_racir","2019-06-08-0815_eurya_japonica"
"192","2019-06-08-0800_empty_racir","2019-06-08-0834_schefflera_delavayi"
"193","2019-06-08-0800_empty_racir","2019-06-08-0851_actinidia_kolomikta"
"194","2019-06-08-0946_empty_racir","2019-06-08-0912_decaisnea_insignis"
"195","2019-06-08-0946_empty_racir","2019-06-08-0928_sciadopitys_verticillata"
"196","2019-06-08-0946_empty_racir","2019-06-08-0959_catalpa_fargesii"
"197","2019-06-08-0946_empty_racir","2019-06-08-1019_aucuba_chinensis"
"198","2019-06-08-0946_empty_racir","2019-06-08-1037_viburnum_davidii"
"199","2019-06-09-0825_empty_racir","2019-06-09-0728_quercus_macranthera"
"200","2019-06-09-0825_empty_racir","2019-06-09-0747_toona_sinensis"
"201","2019-06-09-0825_empty_racir","2019-06-09-0807_ampelopsis_megalophylla"
"202","2019-06-09-0825_empty_racir","2019-06-09-0842_paeonia_delavayi"
"203","2019-06-09-0825_empty_racir","2019-06-09-0902_meliosma_veitchiorum"
"204","2019-06-09-1003_empty_racir","2019-06-09-0923_magnolia_dawsoniana"
"205","2019-06-09-1003_empty_racir","2019-06-09-0946_cephalotaxus_harringtonia"
"206","2019-06-09-1003_empty_racir","2019-06-09-1017_drimys_winteri"
"207","2019-06-09-1003_empty_racir","2019-06-09-1032_dryopteris_erythrosora"
"208","2019-06-11-0840_empty_racir","2019-06-11-0722_anaphalis_margaritacea"
"209","2019-06-11-0840_empty_racir","2019-06-11-0750_ailanthus_altissima"
"210","2019-06-11-0840_empty_racir","2019-06-11-0810_molinia_caerulea"
"211","2019-06-11-0840_empty_racir","2019-06-11-0854_morus_australis"
"212","2019-06-11-0840_empty_racir","2019-06-11-0914_abies_koreana"
"213","2019-06-11-0950_empty_racir","2019-06-11-0937_symphoricarpos_mollis"
"214","2019-06-11-0950_empty_racir","2019-06-11-1004_paulownia_tomentosa"
"215","2019-06-11-0950_empty_racir","2019-06-11-1024_neillia_sinensis"
"216","2019-06-11-0950_empty_racir","2019-06-11-1045_adiantum_pedatum"
"217","2019-06-12-0756_empty_racir","2019-06-12-0656_colchicum_autumnale"
"218","2019-06-12-0756_empty_racir","2019-06-12-0714_viola_odorata"
"219","2019-06-12-0756_empty_racir","2019-06-12-0742_ephedra_frustillata"
"220","2019-06-12-0756_empty_racir","2019-06-12-0812_kniphofia_rooperi"
"221","2019-06-12-0756_empty_racir","2019-06-12-0843_embothrium_coccineum"
"222","2019-06-12-0756_empty_racir","2019-06-12-0902_escallonia_rubra"
"223","2019-06-12-1008_empty_racir","2019-06-12-0921_verbena_rigida"
"224","2019-06-12-1008_empty_racir","2019-06-12-0938_fragaria_chiloensis"
"225","2019-06-12-1008_empty_racir","2019-06-12-0955_halocarpus_bidwilii"
"226","2019-06-12-1008_empty_racir","2019-06-12-1023_gunnera_monoica"
"227","2019-06-12-1008_empty_racir","2019-06-12-1039_haberlea_rhodopensis"
"228","2019-06-13-0813_empty_racir","2019-06-13-0659_rhamnus_alpina"
"229","2019-06-13-0813_empty_racir","2019-06-13-0721_pinus_heldercichii"
"230","2019-06-13-0813_empty_racir","2019-06-13-0737_pinus_cembra"
"231","2019-06-13-0813_empty_racir","2019-06-13-0756_crinodendron_hookerianum"
"232","2019-06-13-0813_empty_racir","2019-06-13-0828_chamaedaphne_calyculata"
"233","2019-06-13-0813_empty_racir","2019-06-13-0845_cistus_laurifolius"
"234","2019-06-13-0813_empty_racir","2019-06-13-0906_dianthus_microlepis"
"235","2019-06-13-0951_empty_racir","2019-06-13-0922_gentiana_acaulis"
"236","2019-06-13-0951_empty_racir","2019-06-13-0937_lathyrus_vernus"
"237","2019-06-13-0951_empty_racir","2019-06-13-1008_abies_pinsapo"
"238","2019-06-13-0951_empty_racir","2019-06-13-1026_jovellana_violacea"
"239","2019-06-13-0951_empty_racir","2019-06-13-1042_berberis_darwinii"
"240","2019-06-13-0951_empty_racir","2019-06-13-1056_fuchsia_magellanica"
"241","2019-06-14-0753_empty_racir","2019-06-14-0718_arachniodes_simplicior"
"242","2019-06-14-0753_empty_racir","2019-06-14-0736_dicksonia_antarctica"
"243","2019-06-15-0811_empty_racir","2019-06-15-0720_dryopteris_carthusiana"
"244","2019-06-15-0811_empty_racir","2019-06-15-0739_osmunda_regalis"
"245","2019-06-15-0811_empty_racir","2019-06-15-0756_dryopteris_goldiana"
"246","2019-06-15-0811_empty_racir","2019-06-15-0826_cypripedium_japonicum"
"247","2019-06-15-0811_empty_racir","2019-06-15-0845_datisca_cannabina"
"248","2019-06-15-0811_empty_racir","2019-06-15-0903_rhododendron_campylocarpum"
"249","2019-06-15-1012_empty_racir","2019-06-15-0919_persicaria_campanulata"
"250","2019-06-15-1012_empty_racir","2019-06-15-0937_lysimachia_clethroides"
"251","2019-06-15-1012_empty_racir","2019-06-15-0955_gymnocarpium_dryopteris"
"252","2019-06-15-1012_empty_racir","2019-06-15-1027_euptelea_polyandra"
"253","2019-06-15-1012_empty_racir","2019-06-15-1046_zelkova_serrata"
"254","2019-06-16-0904_empty_racir","2019-06-16-0745_hydrangea_quercifolia"
"255","2019-06-16-0904_empty_racir","2019-06-16-0806_aristolochia_tormentosa"
"256","2019-06-16-0904_empty_racir","2019-06-16-0828_calycanthus_floridus"
"257","2019-06-16-0904_empty_racir","2019-06-16-0846_thelypteris_novaboracensis"
"258","2019-06-16-0904_empty_racir","2019-06-16-0921_shepherdia_canadensis"
"259","2019-06-16-0904_empty_racir","2019-06-16-0940_anemone_rivularis"
"260","2019-06-16-1010_empty_racir","2019-06-16-0955_lysichiton_camtschatcensis"
"261","2019-06-16-1010_empty_racir","2019-06-16-1026_tsuga_sieboldii"
"262","2019-06-16-1010_empty_racir","2019-06-16-1044_ceratostigma_minus"
"263","2019-06-17-0809_empty_racir","2019-06-17-0715_picea_abies"
"264","2019-06-17-0809_empty_racir","2019-06-17-0733_erica_cinerea"
"265","2019-06-17-0809_empty_racir","2019-06-17-0755_sarracenia_minor"
"266","2019-06-17-0809_empty_racir","2019-06-17-0824_scirpus_microcarpus"
"267","2019-06-17-0809_empty_racir","2019-06-17-0840_canna_indica"
"268","2019-06-17-0809_empty_racir","2019-06-17-0859_verbascum_nigrum"
"269","2019-06-17-1007_empty_racir","2019-06-17-0917_angelica_archangelica"
"270","2019-06-17-1007_empty_racir","2019-06-17-0934_dryopteris_dilatata"
"271","2019-06-17-1007_empty_racir","2019-06-17-0954_syringa_oblata"
"272","2019-06-17-1007_empty_racir","2019-06-17-1020_podophyllum_peltatum"
"273","2019-06-17-1007_empty_racir","2019-06-17-1038_chelone_lyonii"
"274","2019-06-17-1007_empty_racir","2019-06-17-1057_rhus_glabra"
"275","2019-06-18-0825_empty_racir","2019-06-18-0704_liquidambar_formosana"
"276","2019-06-18-0825_empty_racir","2019-06-18-0731_dryopteris_expansa"
"277","2019-06-18-0825_empty_racir","2019-06-18-0746_polystichum_setiferum"
"278","2019-06-18-0825_empty_racir","2019-06-18-0806_picea_alcoquiana"
"279","2019-06-18-0825_empty_racir","2019-06-18-0838_microbiota_decussata"
"280","2019-06-18-0825_empty_racir","2019-06-18-0902_tsuga_mertensiana"
"281","2019-06-18-0825_empty_racir","2019-06-18-0919_tolmeia_menziesii"
"282","2019-06-18-1012_empty_racir","2019-06-18-0939_myrica_gale"
"283","2019-06-18-1012_empty_racir","2019-06-18-0955_acorus_americanus"
"284","2019-06-18-1012_empty_racir","2019-06-18-1026_oxalis_oregana"
"285","2019-06-18-1012_empty_racir","2019-06-18-1042_vaccinium_deliciosum"
"286","2019-06-19-0832_empty_racir","2019-06-19-0745_sassafras_albidum"
"287","2019-06-19-0832_empty_racir","2019-06-19-0802_itea_virginica"
"288","2019-06-19-0832_empty_racir","2019-06-19-0816_calycanthus_floridus"
"289","2019-06-19-0832_empty_racir","2019-06-19-0847_aesculus_pavia"
"290","2019-06-19-0832_empty_racir","2019-06-19-0902_hydrangea_quercifolia"
"291","2019-06-19-0832_empty_racir","2019-06-19-0919_aristolochia_tormentosa"
"292","2019-06-19-1014_empty_racir","2019-06-19-0939_thelypteris_novaboracensis"
"293","2019-06-19-1014_empty_racir","2019-06-19-0955_sanguinaria_canadensis"
"294","2019-06-19-1014_empty_racir","2019-06-19-1027_crinodendron_hookerianum"
"295","2019-06-19-1014_empty_racir","2019-06-19-1045_pinus_sylvestris"
"296","2019-06-20-0804_empty_racir","2019-06-20-0731_luzula_sylvatica"
"297","2019-06-20-0804_empty_racir","2019-06-20-0747_dryopteris_wallichiana"
"298","2019-06-20-0804_empty_racir","2019-06-20-0819_disanthus_cercidifolius"
"299","2019-06-20-0804_empty_racir","2019-06-20-0836_rhododendron_barbatum"
"300","2019-06-20-0804_empty_racir","2019-06-20-0855_emmenopterys_henryi"
"301","2019-06-20-0804_empty_racir","2019-06-20-0912_rehderodendron_macrocarpum"
"302","2019-06-20-1013_empty_racir","2019-06-20-0928_rehderodendron_macrocarpum"
"303","2019-06-20-1013_empty_racir","2019-06-20-0943_tapiscia_sinensis"
"304","2019-06-20-1013_empty_racir","2019-06-20-0959_boehmeria_platanifolia"
"305","2019-06-20-1013_empty_racir","2019-06-20-1028_helwingia_chinensis"
"306","2019-06-20-1013_empty_racir","2019-06-20-1045_staphylea_bumalda"
"307","2019-06-21-0808_empty_racir","2019-06-21-0710_azara_serrata"
"308","2019-06-21-0808_empty_racir","2019-06-21-0728_geranium_tuberosum"
"309","2019-06-21-0808_empty_racir","2019-06-21-0748_polypodium_vulgare"
"310","2019-06-21-0808_empty_racir","2019-06-21-0821_platanus_orientalis"
"311","2019-06-21-0808_empty_racir","2019-06-21-0839_arbutus_unedo"
"312","2019-06-21-0808_empty_racir","2019-06-21-0901_asimina_triloba"
"313","2019-06-21-1008_empty_racir","2019-06-21-0917_podophyllum_peltatum"
"314","2019-06-21-1008_empty_racir","2019-06-21-0935_polystichum_acrostichoides"
"315","2019-06-21-1008_empty_racir","2019-06-21-0951_chelone_lyonii"
"316","2019-06-21-1008_empty_racir","2019-06-21-1021_pachysandra_procumbens"
"317","2019-06-21-1008_empty_racir","2019-06-21-1039_canna_indica"
"318","2019-06-21-1008_empty_racir","2019-06-21-1054_scirpus_microcarpus"
"319","2019-06-22-0813_empty_racir","2019-06-22-0721_paeonia_delavayi"
"320","2019-06-22-0813_empty_racir","2019-06-22-0741_meliosma_veitchiorum"
"321","2019-06-22-0813_empty_racir","2019-06-22-0758_iris_wilsonii"
"322","2019-06-22-0813_empty_racir","2019-06-22-0827_stachyurus_chinensis"
"323","2019-06-22-0813_empty_racir","2019-06-22-0844_matteuccia_struthiopteris"
"324","2019-06-22-1003_empty_racir","2019-06-22-0900_trochodendron_aralioides"
"325","2019-06-22-1003_empty_racir","2019-06-22-0929_stewartia_serrata"
"326","2019-06-22-1003_empty_racir","2019-06-22-0947_daphniphyllum_macropodum"
"327","2019-06-22-1003_empty_racir","2019-06-22-1015_drimys_winteri"
"328","2019-06-22-1003_empty_racir","2019-06-22-1031_ginkgo_biloba"
"329","2019-06-25-0817_empty_racir","2019-06-25-0704_glandora_diffusa"
"330","2019-06-25-0817_empty_racir","2019-06-25-0721_gentiana_acaulis"
"331","2019-06-25-0817_empty_racir","2019-06-25-0741_haberlea_rhodopensis"
"332","2019-06-25-0817_empty_racir","2019-06-25-0800_abies_pinsapo"
"333","2019-06-25-0817_empty_racir","2019-06-25-0834_gunnera_monoica"
"334","2019-06-25-0817_empty_racir","2019-06-25-0852_lathyrus_vernus"
"335","2019-06-25-0817_empty_racir","2019-06-25-0909_hypericum_densiflorum"
"336","2019-06-25-1018_empty_racir","2019-06-25-0926_fragaria_chiloensis"
"337","2019-06-25-1018_empty_racir","2019-06-25-0942_halocarpus_bidwilii"
"338","2019-06-25-1018_empty_racir","2019-06-25-1002_jovellana_violacea"
"339","2019-06-25-1018_empty_racir","2019-06-25-1034_berberis_darwinii"
"340","2019-06-25-1018_empty_racir","2019-06-25-1037_berberis_darwinii"
"341","2019-06-25-1018_empty_racir","2019-06-25-1052_escallonia_rubra"
"342","2019-07-01-0822_empty_racir","2019-07-01-0724_lysichiton_camtschatcensis"
"343","2019-07-01-0822_empty_racir","2019-07-01-0744_anemone_rivularis"
"344","2019-07-01-0822_empty_racir","2019-07-01-0803_tsuga_sieboldii"
"345","2019-07-01-0822_empty_racir","2019-07-01-0840_ceratostigma_minus"
"346","2019-07-01-0822_empty_racir","2019-07-01-0859_embothrium_coccineum"
"347","2019-07-01-0957_empty_racir","2019-07-01-0920_fuchsia_magellanica"
"348","2019-07-01-0957_empty_racir","2019-07-01-0934_verbena_rigida"
"349","2019-07-01-0957_empty_racir","2019-07-01-1013_hypericum_densiflorum"
"350","2019-07-01-0957_empty_racir","2019-07-01-1030_dianthus_microlepis"
"351","2019-07-01-0957_empty_racir","2019-07-01-1056_rhamnus_alpina"
"352","2019-07-03-0806_empty_racir","2019-07-03-0710_gymnocarpium_dryopteris"
"353","2019-07-03-0806_empty_racir","2019-07-03-0731_persicaria_campanulata"
"354","2019-07-03-0806_empty_racir","2019-07-03-0749_lysimachia_clethroides"
"355","2019-07-03-0806_empty_racir","2019-07-03-0821_dryopteris_goldiana"
"356","2019-07-03-0806_empty_racir","2019-07-03-0837_osmunda_regalis"
"357","2019-07-03-0806_empty_racir","2019-07-03-0853_dryopteris_carthusiana"
"358","2019-07-03-1006_empty_racir","2019-07-03-0912_dicksonia_antarctica"
"359","2019-07-03-1006_empty_racir","2019-07-03-0931_arachniodes_simplicior"
"360","2019-07-03-1006_empty_racir","2019-07-03-0951_cypripedium_japonicum"
"361","2019-07-03-1006_empty_racir","2019-07-03-1019_rhododendron_campylocarpum"
"362","2019-07-03-1006_empty_racir","2019-07-03-1035_datisca_cannabina"
"363","2019-07-03-1006_empty_racir","2019-07-03-1053_paulownia_tomentosa"
"364","2019-07-04-0754_empty_racir","2019-07-04-0657_actinidia_kolomikta"
"365","2019-07-04-0754_empty_racir","2019-07-04-0718_schefflera_delavayi"
"366","2019-07-04-0754_empty_racir","2019-07-04-0736_eurya_japonica"
"367","2019-07-04-0754_empty_racir","2019-07-04-0807_rhododendron_degronianum"
"368","2019-07-04-0754_empty_racir","2019-07-04-0824_rhododendron_hyperythrum"
"369","2019-07-04-0754_empty_racir","2019-07-04-0841_clethra_delavayi"
"370","2019-07-04-0754_empty_racir","2019-07-04-0900_catalpa_fargesii"
"371","2019-07-04-1012_empty_racir","2019-07-04-0918_aucuba_chinensis"
"372","2019-07-04-1012_empty_racir","2019-07-04-0936_decaisnea_insignis"
"373","2019-07-04-1012_empty_racir","2019-07-04-0955_sciadopitys_verticillata"
"374","2019-07-04-1012_empty_racir","2019-07-04-1025_viburnum_davidii"
"375","2019-07-04-1012_empty_racir","2019-07-04-1044_quercus_macranthera"
"376","2019-07-08-0818_empty_racir","2019-07-08-0709_equisetum_scirpoides"
"377","2019-07-08-0818_empty_racir","2019-07-08-0727_vaccinium_deliciosum"
"378","2019-07-08-0818_empty_racir","2019-07-08-0746_oxalis_oregana"
"379","2019-07-08-0818_empty_racir","2019-07-08-0802_oxalis_oregana"
"380","2019-07-08-0818_empty_racir","2019-07-08-0833_acorus_americanus"
"381","2019-07-08-0818_empty_racir","2019-07-08-0852_tolmeia_menziesii"
"382","2019-07-08-0818_empty_racir","2019-07-08-0909_myrica_gale"
"383","2019-07-08-0959_empty_racir","2019-07-08-0925_tsuga_mertensiana"
"384","2019-07-08-0959_empty_racir","2019-07-08-0943_ephedra_frustillata"
"385","2019-07-08-0959_empty_racir","2019-07-08-1015_viola_odorata"
"386","2019-07-08-0959_empty_racir","2019-07-08-1032_kniphofia_rooperi"
"387","2019-07-08-0959_empty_racir","2019-07-08-1050_cistus_laurifolius"
"388","2019-07-09-0850_empty_racir","2019-07-09-0757_symphoricarpos_mollis"
"389","2019-07-09-0850_empty_racir","2019-07-09-0815_neillia_sinensis"
"390","2019-07-09-0850_empty_racir","2019-07-09-0834_adiantum_pedatum"
"391","2019-07-09-0850_empty_racir","2019-07-09-0905_anaphalis_margaritacea"
"392","2019-07-09-0850_empty_racir","2019-07-09-0933_ailanthus_altissima"
"393","2019-07-09-1009_empty_racir","2019-07-09-0952_molinia_caerulea"
"394","2019-07-09-1009_empty_racir","2019-07-09-1022_morus_australis"
"395","2019-07-09-1009_empty_racir","2019-07-09-1039_abies_koreana"
"396","2019-07-09-1009_empty_racir","2019-07-09-1523_scrap_racir"
"397","2019-07-15-0754_empty_racir","2019-07-15-0658_dryopteris_expansa"
"398","2019-07-15-0754_empty_racir","2019-07-15-0717_dryopteris_erythrosora"
"399","2019-07-15-0754_empty_racir","2019-07-15-0734_polystichum_setiferum"
"400","2019-07-15-0754_empty_racir","2019-07-15-0812_magnolia_dawsoniana"
"401","2019-07-15-0754_empty_racir","2019-07-15-0830_cephalotaxus_harringtonia"
"402","2019-07-15-0754_empty_racir","2019-07-15-0850_bretschneidera_sinensis"
"403","2019-07-15-1000_empty_racir","2019-07-15-0907_cercidiphyllum_japonicum"
"404","2019-07-15-1000_empty_racir","2019-07-15-0927_ampelopsis_megalophylla"
"405","2019-07-15-1000_empty_racir","2019-07-15-0945_toona_sinensis"
"406","2019-07-15-1000_empty_racir","2019-07-15-1014_trillium_ovatum"
"407","2019-07-15-1000_empty_racir","2019-07-15-1030_ribes_sanguineum"
"408","2019-07-15-1000_empty_racir","2019-07-15-1047_cornus_kousa"
"409","2019-07-16-0757_empty_racir","2019-07-16-0655_liquidambar_formosana"
"410","2019-07-16-0757_empty_racir","2019-07-16-0720_picea_alcoquiana"
"411","2019-07-16-0757_empty_racir","2019-07-16-0741_microbiota_decussata"
"412","2019-07-16-0757_empty_racir","2019-07-16-0812_pinus_sylvestris"
"413","2019-07-16-0757_empty_racir","2019-07-16-0834_pinus_cembra"
"414","2019-07-16-0757_empty_racir","2019-07-16-0852_pinus_heldercichii"
"415","2019-07-16-0947_empty_racir","2019-07-16-0910_chamaedaphne_calyculata"
"416","2019-07-16-0947_empty_racir","2019-07-16-0929_glandora_diffusa"
"417","2019-07-16-0947_empty_racir","2019-07-16-1003_shepherdia_canadensis"
"418","2019-07-16-0947_empty_racir","2019-07-16-1020_corylus_colurna"
"419","2019-07-16-0947_empty_racir","2019-07-16-1042_equisetum_scirpoides"
"420","2019-07-18-0839_empty_racir","2019-07-18-0709_euptelea_polyandra"
"421","2019-07-18-0839_empty_racir","2019-07-18-0731_zelkova_serrata"
"422","2019-07-18-0839_empty_racir","2019-07-18-0758_syringa_oblata"
"423","2019-07-18-0839_empty_racir","2019-07-18-0817_dryopteris_dilatata"
"424","2019-07-18-0839_empty_racir","2019-07-18-0826_dryopteris_dilatata"
"425","2019-07-18-0839_empty_racir","2019-07-18-0854_angelica_archangelica"
"426","2019-07-18-0839_empty_racir","2019-07-18-0909_verbascum_nigrum"
"427","2019-07-18-0948_empty_racir","2019-07-18-0927_sarracenia_minor"
"428","2019-07-18-0948_empty_racir","2019-07-18-1003_erica_cinerea"
"429","2019-07-18-0948_empty_racir","2019-07-18-1020_picea_abies"
"430","2019-07-18-0948_empty_racir","2019-07-18-1044_rhus_glabra"
